Arundo	cana-do-reino
Acoraceae	Açoro
cavalo	potro
Crotalus	cascavel-chifruda/Crotalus_atrox
República_da	macedônico
Larídeos	Larus
Phyllostachys	Bambu-preto/Bambu_preto
Bathyergidae	Bathyergus
nebulosa	estrela
Argentina	argentino
Chelicerata	Merostomata
Ariidae	Arius
Serranidae	Morone/Mycteroperca/Serranus/Epinephelus
Panamá	panamenho
Lancastre	Henrique_IV_de_Inglaterra/Henrique_iv_de_inglaterra/Henrique_vi_de_inglaterra/Henrique_VI_de_Inglaterra/Henrique_V_de_Inglaterra/Henrique_v_de_inglaterra
fagáceas	Nothofagus/Chrysolepis/Lithocarpus/Castanopsis/faia/Faia/Quercus/Carvalho
Spondias	cajá/Serigüela/seriguela
construtivismo	construtivista
Branta	ganso-do-canadá
moiras	Láquesis/Cloto/Átropos/Atropos
Ulmaceae	Ulmeiro/Celtis/Trema
Luscinia	rouxinol
Muridae	Nesokia/Apodemus
Nauru	nauruense/nauruano
Comunhão_anglicana	anglicano
Paquistao	paquistanês
siri	siri-azul/Siri_azul
Equus	mulo/cavalos/Zebra/jegue/mula/babucha/jumento/jerico/burro/mu/equídeos/égua/cavalo_de_pau/Bardoto/zebra/pantufo/asno/cavalo/bardoto
Fumariaceae	Adlumia/Dicentra/Fumaria
Dimocarpus	Longan
família	pai/parente/Arenavirus/Rhabdovírus/tribo/Flavivírus/Bunyaviridae/Flaviviridae/Rhabdovirus/Arenavírus/gênero/Gênero/género/progenitor/genitor/mãe/irmã/irmão/filho/menino/criança/filha
Falco	Falcão_americano/Falcão-americano/tarrafa/falcão_peregrino/falcão/peneireiro-vulgar/gerifalte/falcão_gerifalte
Drósera	drósera
Escorpião	Antares
Países_Baixos	Holandês/holandês/neerlandês
primatas	primata/Lemuroidea
Auriga	Epsilon_Aurigae
Estados_Unidos_da_América	poder_legislativo_dos_Estados_Unidos/estado-unidense/norte-americano
Xanthosoma	Xanthosoma_sagittifolium
Pulmonata	Helicidae/Physidae
UE	Espanha/Luxemburgo/Grão-Ducado_do_Luxemburgo/Finlândia/República_da_Finlândia/República_Francesa/França/Reino_Unido_da_Grã-Bretanha_e_Irlanda_do_Norte/Reino_Unido/Grã-Bretanha/Reino-Unido/Holando/Países_baixos/Países_Baixos/PaísesBaixos/Holanda/Reino_dos_Países_Baixos/Neerlândia/Irlanda/Áustria/Austria/Suécia/Suecia/Itália/Italia/República_Italiana/Grécia/Listas_de_Portugal/Portugal/Alemanha/República_Federal_da_Alemanha/Reino_da_Dinamarca/Dinamarca/Bélgica/Poetas_da_Bélgica/Belgica
Platalea	colhereiro-comum
Cacatua	cacatua/catatua
Accipiter	Falcão-do-tanoeiro/açor
Andorinhão	gaivão/Collocalia/Apus
égua	potro
Dasyuridae	Dasyurus/Phascogale/Thylacinus/Sarcophilus
Paracheirodon	Tetra-cardeal/Tetra_cardeal/Tetra_Cardeal
familia	parente
os_fiés_que_não_fazem_parte_do_clero	laico/leigo
Argelia	argelino
Eryngium	cardo-corredor
Lagomorfos	Leporidae
Constelação_de_Canis_Major	Sirius/Sírio
Pardal	pardal
Eriocaulaceae	Eriocaulon
Pereskia	Ora_pro_nobis/Ora-pro-nobis
Tyto	coruja-das-torres
Anseriformes	Anatidae/Anhimidae
Jamaica	jamaicano
Cervus	uapiti/veado/cervo/veados
Brugmansia	Brugmansia_suaveolens
Amaryllidaceae	Bomarea/Haemanthus/amarílis
Turquia	turco
Chamaemelum	camomila/camomila-romana/Chamaemelum_nobile/Camomila-romana
Muscidae	Musca
Felis	Gato-de-pallas/gato-maracajá/jaguatirica/suçuarana/serval/gato-mourisco/leopardo_asiático/gato-leopardo/puma/leão-da-montanha/ocelote/gato-do-mato/leão-baio/jaguarundi/pantera/Gato_de_Pallas/Gato-de-Pallas/onça-parda/gato-bravo/gato_doméstico
Aspalathus	rooibos/Rooibos
Constelação_de_Leo	Regulus
Escandinávia	Escandinavo/Bairros_da_Noruega/Noruega/Reino_da_Noruega/Suécia/Suecia/Reino_da_Dinamarca/Dinamarca
caminhos-de-ferro	locomotivas/locomotiva/máquina/vagão/automotora/automóvel/comboio/carro/trem/vagões
Rhamnales	Vitaceae/Rhamnaceae
Piperaceae	Piper
proletariado	operário/trabalhador/proletário/colarinho_azul
Ctenophora	Nuda/Tentaculata
brancos	caucasiano/caucasiana/branco
Tailândia	tailandês
Caesalpinioideae	Cassia/Brachystegia/Haematoxylum/Gymnocladus/Gleditsia/Ceratonia/Caesalpinia/Flamboyant/Bauhinia/Cercidium
Ocimum	basílico/alfavaca
Agavaceae	Cordyline/Polianthes/agave/piteira/pita/Nolina
Gaylussacia	mirtilo
classe_média	burguês/burguesa
Cosa_Nostra	mafioso
Ciconiiformes	Phoenicopteridae/Ardeidae/Threskiornithidae
Piper	Piper_betle/pimenta-do-reino/Pimenta_preta/Pimenta-preta/pimenta-longa
Pleurotus	shimeji-preto/Shimeji_Preto/Shimeji_preto
Letonia	letão
Oleaceae	Olea/Phillyrea/Jasmim/Ligustrum/Syringa/Fraxinus/Chionanthus/Osmanthus
Albania	albanês/albanés/albanesa
Combretaceae	Conocarpus/Laguncularia
Brassicaceae	Rorippa_nasturtium-aquaticum/wasabi/Capsella/Sinapis/Cakile/Aethionema/Lunaria/Iberis/Raphanus/Lobularia/Alyssum/Cheiranthus/Matthiola/Crambe/Descurainia/Arabis/Camelina/Stephanomeria/Erysimum/Cardamine/Thysanocarpus/Barbarea/Rorippa/Isatis/Lepidium/Thlaspi/Biscutella/mastruço/Malcolmia/Cochlearia/Stanleya/Lesquerella/Arabidopsis/Brassica/Diplotaxis/Subularia/Dentaria
polícia	agente/policial/guarda
trimúrti	Brama/Shiva/Vixnu
nação	cidadão/província/estado/plebeu
Rosales	Hydrangeaceae/Connaraceae/Platanaceae/Grossulariaceae/Crassulaceae/Cunoniaceae/Rosaceae/Saxifragaceae/Cephalotaceae/Fabaceae
Leão	Regulus
Laus	laosiano
Lagerstroemia	Resedá-gigante/Resedá_Gigante/Resedá_gigante
Grão-Ducado_do_Luxemburgo	luxemburguês
compromisso	acompanhante/ficante
Vitaceae	Parthenocissus/Vitis
Lobularia	alisso
Nogueira_comum	nogueira/nogueira-comum
Islândia	islandês
Crassulaceae	Aeonium/Crassula
Elasmobranchii	Hexanchidae/Lamnidae/Rajiformes/Triakidae/Carcharhinidae/Squatinidae/Orectolobidae/Rhincodontidae/Scyliorhinidae/Squalidae
Strelitzia	Strelitzia_reginae
Bucerotiformes	calau
vaga_lume	pirilampo/vaga-lume
Toupeira	topeira/toupeira/Uropsilus
Equidae	égua/Hyracotherium/Equus/equídeo/equino/ungulados
Drosera	drósera
Chinchillidae	Abrocoma/Lagostomus/Lagidium
Coraciidae	Coracias
Boötes	Arcturus
palmeira	Acrocomia/Ceroxylon/Attalea/Metroxylon/palma/Arenga/Rhapis/Corypha/Caryota/Livistona/Borassus/Thrinax/Palha_da_costa/fênix/Serenoa_repens/Sabal/Roystonea/Copernicia/fénix/Palha-da-costa
pessoas	alma/indivíduo/ser_humano/alguém/pessoa
Hominidae	Ouranopithecus/hominídeo/Australopithecus
joaninha	coccinela
Cestoda	Helmintologia/verme
PaísesBaixos	Holandês/holandês/neerlandês
Laurus	loureiro/louro
Verbenaceae	Aegiceras/Avicennia
Abetarda	abetarda
Senegal	senegalês
Portulacaceae	Calandrinia/Claytonia/Lewisia/Talinum/Montia
Nápoles	napolitano/napolitana
Eslováquia	eslovaco
Alectoris	Perdiz-grega
máfia	mafioso
Buteo	milhafre/águia_de_asa_redonda
público	aluno/auditor/ouvinte
Nogueira-comum	nogueira/nogueira-comum
Platanaceae	plátano
Pérsia	Persa/iraniano
Morangueiro	morango_silvestre/Fragaria_chiloensis/morangueiro/Morango/morango
Campephilus	Pica-pau-bico-de-marfim
Pariato	par/Lady
Juglandales	Juglandaceae
Glycirrhiza	Alcaçuz
Cyperus	Cyperus_esculentus/Galangal/galanga/Cyperus_papyrus/Cyperus_rotundus
OPEP	Arábia_Saudita/India/República_da_Índia/Índia/Emiratos_Árabes_Unidos/Emirados_Árabes_Unidos/Argelia/Algéria/Argélia/República_Islâmica_do_Irão/Pérsia/Irao/Irã/Irão/Kuwait/Coveite/Cuaite/Estado_do_Kuwait/República_Árabe_do_Egipto/República_Árabe_Unida/Egipto/Egito/República_árabe_unida/República_Árabe_do_Egito/Iraque/República_do_Iraque/Estado_da_Líbia/Líbia/Indonésia/Indonesia/República_da_Indonésia/Venezuela/Qatar/Catar
Mali	Maliense
Gossypium	algodão
Ivy_league	Universidade_Harvard/Universidade_Colúmbia/Universidade_da_Pensilvânia/Universidade_cornell/Universidade_de_Princeton/Universidade_columbia/Universidade_harvard/Universidade_Cornell/Universidade_Columbia/Universidade_Brown/Faculdade_de_dartmouth/Faculdade_de_Dartmouth/Universidade_yale/Universidade_Yale
Ceratopsia	Ceratopsidae
Proboscídeos	proboscídeos
Reino_da_Dinamarca	dinamarquês/danês
Saccharum	cana_de_açúcar
Turdus	melro/turdo/melro-preto
Lauraceae	Laurus/Persea/Umbellularia/Cinnamomum/Lindera
Egito	egípcio
Capparis	alcaparra
Reino_do_Camboja	khmer
Proteidae	Proteus/Necturus
Buxaceae	Buxus
Equinoderme	pepino-do-mar/Pepino_do_mar/Crinoidea/Ophiuroidea/equinodermo/equinodermos/Echinoidea
Rio	carioca
Golfinho-comum-de-bico-longo	Delfim_Comum/Golfinho-comum-de-bico-curto/Delfim-comum
Bombacaceae	Baobá/Baoba/Ceiba/Pseudobombax/Bombax/Durio
Ribes	groselheira/groselha_preta
Atriplex	atríplex
Mexico	mexicana/Mexicano/mexicano
Império_britânico	África_Oriental_Britânica/India/República_da_Índia/Índia/Austrália/Comunidade_da_Austrália/Guiana/Güiana/Guiana_Francesa/Nova_Zelândia/Canadá/Canada/Ilhas_britânicas/Ilhas_Britânicas
Organização_dos_países_exportadores_de_petróleo	Arábia_Saudita/India/República_da_Índia/Índia/Emiratos_Árabes_Unidos/Emirados_Árabes_Unidos/Argelia/Algéria/Argélia/República_Islâmica_do_Irão/Pérsia/Irao/Irã/Irão/Kuwait/Coveite/Cuaite/Estado_do_Kuwait/República_Árabe_do_Egipto/República_Árabe_Unida/Egipto/Egito/República_árabe_unida/República_Árabe_do_Egito/Iraque/República_do_Iraque/Estado_da_Líbia/Líbia/Indonésia/Indonesia/República_da_Indonésia/Venezuela/Qatar/Catar
Artamidae	Artamus/Cracticus/Gymnorhina_tibicen/Strepera
Libano	libanês
cubismo	cubista
Jordania	jordaniano
República_Popular_Democrática_Lao	laosiano
juizado	júri/Júri
Medicago	trevo/trifólio
Prosopis	Mesquite
Cephalotaxaceae	Torreya/Cephalotaxus
Mustelídeos	Lutrinae/cangambá/mustelídeos/Conepatus
Erinaceomorpha	Erinaceus
Gentianales	Menyanthaceae/Apocynaceae/Salvadoraceae/Oleaceae/Loganiaceae/Gentianaceae
Megadermatidae	Megaderma
Piciformes	Bucconidae/Pica-pau/Picapau/Pica_pau/Picidae
congresso	Câmara_dos_Representantes_dos_Estados_Unidos_da_América/Senado_dos_Estados_Unidos_da_América/Senado_dos_estados_unidos/Senado_dos_Estados_Unidos
Polygonaceae	Fagopyrum/Polygonum/Rumex
Pomacentridae	Castanheta/Abudefduf
Myricaceae	Comptonia/Myrica
Taurus	Nebulosa_do_Caranguejo/Nebulosa_do_caranguejo/Plêiades/Plêiades_M45/Aldebarã
Crescentia	Crescentia_cujete
Celastrus	Celastrus_scandens
Geraniales	Balsaminaceae/Lepidobotryaceae/Oxalidaceae/Simaroubaceae/Geraniaceae/Erythroxylaceae/Tropaeolaceae/Malpighiaceae/Euphorbiaceae/Polygalaceae/Meliaceae/Zygophyllaceae/Burseraceae/Rutáceas/Rutaceae
Salmonidae	salmão/Oncorhynchus/Salmo
Torpedinidae	torpedo
Falcão	Falcão_americano/Falcão-americano/tarrafa/falcão_peregrino/falcão/peneireiro-vulgar/gerifalte/falcão_gerifalte
Spinacia	espinafre
Cestrum	Jasmim-da-noite
Phasianidae	Coturnix/Numididae/Colinus
Molusco	moluscos/molusco/Gastrópodes/gastrópodes/Bivalves/Bivalvia
Taxaceae	Pseudotaxus/Taxus/Austrotaxus/teixo
locomotivas	locomotiva/máquina/vagão/automotora/automóvel/comboio/carro/trem/vagões
República_do_Equador	equatoriano
República_da_Arménia	armênios/Arménios
união	associado
Myosotis	não-te-esquece/miosótis/não-me-esqueças/as-de-mim
Dipterocarpaceae	Shorea
Monera	Lactobacillaceae
aguapé	jacintos_de_água
Roystonea	palmeira_imperial
aristocracia	patrício/aristocrata
Tropaeolaceae	Tropaeolum
Cartago	cartaginês/Cartagineses
Gênero	Espécie/espécie/espécies
Cucumis	pepino
Spalacidae	Spalax
Vietname	vietnamita
Cornus	cornus
Enterobacteriaceae	Serratia
ViaLáctea	Constelação_de_Crux/crux
Pontederiaceae	aguapé/Heteranthera/Pontederia
planejamento_urbano	delimitação_de_zonas
Characidae	Pirambeba/Paracheirodon
Boraginaceae	Cynoglossum/Lithospermum/Echium/Hackelia/Myosotis/Mertensia/Borago/Cordia
Salicaceae	Choupo
Hydrocharitaceae	Vallisneria/Egeria/Hydrocharis/Elodea/Elódea
Arales	Araceae
Polygonales	Polygonaceae
Baleia-piloto	baleia-piloto
organizações_empresariais	divisão/departamento
Picapau	Colaptes/pica-pau/fuinho/Campephilus/Picus/Melanerpes
Colégio_do_Brasil	peixe
Centropomidae	Centropomus/Lates
vulgo	plebeu
Protozoários	protozoário
perereca	Hyla
Espanha	basco/espanhol/espanhola
Valerianaceae	Valeriana
Línguas_da_Albânia	albanês/albanés/albanesa
África_do_Sul	Xhosa/sul-africano
Constelação_de_Boötes	Arcturus
sociedade	sistema_social/sócio_de_clube/sistemas_sociais/estrutura_social/associado
nogueira	nogueira-comum
Testemunhas_de_Jeová	Testemunhas_de_Jeova/Testemunhas_de_Jeóva
Troglodytidae	Campylorhynchus/carriça/Cistothorus
Burúndi	Hutus/Hútus/Tútsis/Tutsis
Sterculiaceae	Helicteres/Triplochiton/Firmiana/Theobroma/Fremontodendron/Pterospermum/Brachychiton/Heritiera
Baoba	embondeiro/baobá/adansônia/baobabe
República_Islâmica_do_Irão	Persa/iraniano
Grande_londres	londrino
cidadania	cidadã/cidadão
Muroidea	Muridae
Tyranni	Formicariidae/Pipridae
seguidores	amante
metazoários	Cnidarios/Cnidários/cnidários
União_Européia	Espanha/Luxemburgo/Grão-Ducado_do_Luxemburgo/Finlândia/República_da_Finlândia/República_Francesa/França/Reino_Unido_da_Grã-Bretanha_e_Irlanda_do_Norte/Reino_Unido/Grã-Bretanha/Reino-Unido/Holando/Países_baixos/Países_Baixos/PaísesBaixos/Holanda/Reino_dos_Países_Baixos/Neerlândia/Irlanda/Áustria/Austria/Suécia/Suecia/Itália/Italia/República_Italiana/Grécia/Listas_de_Portugal/Portugal/Alemanha/República_Federal_da_Alemanha/Reino_da_Dinamarca/Dinamarca/Bélgica/Poetas_da_Bélgica/Belgica
Colégio_dos_cardeais	cardeal
Império_Britânico	África_Oriental_Britânica/India/República_da_Índia/Índia/Austrália/Comunidade_da_Austrália/Guiana/Güiana/Guiana_Francesa/Nova_Zelândia/Canadá/Canada/Ilhas_britânicas/Ilhas_Britânicas
búfalo	Búfalo-asiático
Ipomoea	Morning_glory/Morning_Glory
Pica	gralha/pega/pega-rabuda
Tibete	xerpas
Schinus	Aroeira-brava/aroeira
Alauda	calhandra/cotovia/laverca/paspalhaça/calandra
República_da_Turquia	turco
Percidae	Percina
abeto	pinheiro
Irão	Persa/iraniano
Aix	pato-carolino
Placentários	Primatas/primatas/Proboscídeos/Proboscidea/Lagomorfos/lagomorfos/cetáceos/Cetáceos/carnívoros/Carnívoros/Carnivora/fissípedes/Insectívoros/mamífero/Sirenia
Formosa	taiwanesa/taiwanês/chinês/chinesa
Gentiana	Genciana-amarela/Genciana-de-turfeiras
coníferas	Araucariaceae/Pinaceae/Podocarpaceae/Cephalotaxaceae/Taxaceae/Cupressaceae
procionídeos	Quati/Procyon/Ailuropoda/Bassariscus
Elaeocarpaceae	Aristotelia/Muntingia_calabura/Sloanea/Elaeocarpus
enxame	Insectos/inseto/hemípteros/insetos/insecto
aglomeração	nécton/Plancton/plâncton
Trapaceae	Trapa
Casa_de_Lancaster	Henrique_IV_de_Inglaterra/Henrique_iv_de_inglaterra/Henrique_vi_de_inglaterra/Henrique_VI_de_Inglaterra/Henrique_V_de_Inglaterra/Henrique_v_de_inglaterra
Insectívoros	Erinaceomorpha/Tenrecidae/Toupeira/Talpidae/Chrysochloridae/insectívoros
Laguncularia	mangue-branco
Cetáceos	Monodontidae/cetáceos
Tatu_bola	Tatu-bola-da-caatinga
daràluz	operário/trabalhador/proletário/colarinho_azul
Catasetum	Catasetum_macrocarpum
dentição	dente/Dentes
Leontopodium	edelvais/Edelweiß
Congresso_dos_Estados_Unidos	Câmara_dos_Representantes_dos_Estados_Unidos_da_América/Senado_dos_Estados_Unidos_da_América/Senado_dos_estados_unidos/Senado_dos_Estados_Unidos
Cordylidae	Cordylus
Odonata	odonatos
Passifloraceae	Passiflora
Matricária	camomila-vulgar
Anatidae	Anserinae/gansa/ganso/pata/anás/pato/Merginae/Cisne/cisne/Anas/Aix/Aythya/Zarro/Branta/Anser/Tadorna
Nyctaginaceae	Allionia/Pisonia/Mirabilis/Abronia
Leporidae	Sylvilagus/Lepus
Moraceae	Maclura/Ficus/figueira/Artocarpus/Broussonetia/Morus
agregação	nécton/Plancton/plâncton
Coven	bruxo/bruxa
Maldivas	maldivo
Eugenia	pitanga/amarena/ginja
tribunal_de_justiça	júri/Júri
Gekkonidae	Coleonyx
organização	associação/associado/quórum/Quorum
Malvaceae	Sphaeralcea/Abutilon/Sidalcea/Callirhoe/Malacothamnus/malva/Malvaviscus/Alcea/Hoheria/algodoeiro/Gossypium/Sida/Malva/Abelmoschus/Thespesia/Napeia/Napéia/Lavatera
sistema_social	Regimes_políticos
carnívoros	procionídeos/Procionídeos/Felino/Felídeos/Felinos/Mustelídeos/mustelídeos/canídeos/Canídeos/Viverrinae
Jasmim	jasmim
Calycanthaceae	Calycanthus/Chimonanthus
Gêmeos	Pólux/Castor
arquipélago	ilha
Hymenoptera	Apoidea/Vespidae/himenópteros
Gentianaceae	Gentianella/Swertia/Exacum/Halenia/Eustoma/Centaurium/Gentianopsis/Gentiana/genciana
Musophagiformes	Musophaga
Diospyros	Caqui_americano/caquizeiro/ébano/caqui/Caqui/diospireiro
Passer	pardal
Commelinaceae	Tradescantia
Lutjanidae	Lutjanus
Tridacna	Tridacna_gigas
Perereca	Hyla
Vaccinium	Oxicoco/mirtilo
Syringa	lilás
Craniata	Channidae/Chondrichthyes/Agnatha/Gnatostomados/Osteichthyes/vertebrado/amniota
Constelação_de_Scorpius	Antares
Nepeta	erva-de-gato
Hydrangeaceae	Decumaria/Schizophragma
China	chinês/chinesa
República_das_Maldivas	maldivo
cedro-do-incenso	Cedro-do-incenso-da-califórnia/Cedro_do_incenso_da_Califórnia/Cedro_do_incenso_da_califórnia
Rosmarinus	alecrim
algodoeiro	algodão
Elapidae	Aspidelaps/Naja
Furnarius	Furnariidae/Furnariídeos
Acipenser	Esturjão-branco/Esturjão_branco
gado_bovino	vitelo/bezerro/terneiro
Grécia	heleno/grega/grego
Tabanidae	tavão/moscardo/mutuca
Ailuropoda	panda_gigante/panda/panda-gigante
Letônia	letão
Ebenaceae	Diospyros
Caprifoliaceae	Symphoricarpos/Leycesteria/Viburnum/Lonicera/Diervilla/Linnaea/sabugueiro
Comunidade_das_Nações	India/República_da_Índia/Índia/Austrália/Comunidade_da_Austrália/Papua-Nova_Guiné/Papua_Nova_Guiné/Nova_Zelândia/Canadá/Canada/Irlanda/África_do_Sul
Sarraceniaceae	Heliamphora/Sarracenia
Zingiberaceae	Alpinia/Zingiber/Elettaria/Curcuma
Helicidae	Helix
Lorisidae	Nycticebus
filo	espécies/classe
pariato	par/Lady
Commelinales	Rapateaceae/Eriocaulaceae/Bromeliaceae/Xyridaceae/Commelinaceae/Pontederiaceae
Prumnopitys	Prumnopitys_andina
Uruguai	uruguaio/uruguaia
Perseus	Beta_Persei/Beta_persei
Saxifragaceae	Darmera/Chrysosplenium/Tolmiea/Boykinia/Lithophragma/Heuchera/Mitella/Saxifraga
Equídeos	égua/Hyracotherium/Equus/equídeo/equino/ungulados
Sugador	Catostomus
Troia	troiano/troiana
Vitis	Vitis_labrusca/Vitis_vinifera/videira
dentadura	dente/Dentes
Sapotaceae	Chrysophyllum/Payena/Manilkara/Pouteria
Via_lactéa	Constelação_de_Crux/crux
Sulidae	alcatraz/Sula
Juniperus	zimbro
islamismo	muçulmano/Muçulmano/Muçulmanos/Islão_sunita
Lactuca	alface
Ranunculales	Nymphaeaceae/Myristicaceae/Lardizabalaceae/Winteraceae/Menispermaceae/Berberidaceae/Magnoliaceae/Ranunculaceae/Lauraceae/Calycanthaceae/Annonaceae
Burundi	Hutus/Hútus/Tútsis/Tutsis
casamento	dama_de_honor/marido/cónjuge/cônjuge/esposo/consorte/colega/homem/esposa/dama_de_honra/noiva/noivo/namorado
Lycosa	tarântula
Cottidae	Cottus
Macropodidae	Lagorchestes/Macropus/Thylogale/Dendrolagus/Hypsiprymnodon_moschatus/canguru
Dianthus	cravo
espécie_humana	gente/povo/pessoas/população
Holando	Holandês/holandês/neerlandês
Pteridófitas	Pteridophyta
Cyperaceae	Carex/Eleocharis/Scirpus/Eriophorum
Lentibulariaceae	Utricularia/Pinguicula
Australopithecus	Australopithecus_africanus/Australopithecus_afarensis/Lucy
Congridae	congro
Hinduismo	hindu/Movimento_hare_krishna/Movimento_Hare_Krishna
cetáceos	Monodontidae
Cnidarios	pólipo/Anthozoa/Hydrozoa/celenterados/medusa/aguá-viva/Medusa/Scyphozoa
corpo	Divisão/forças_armadas/exército/tropas/milícia
Chile	chileno
funcionário_público	servidor_público
clero	clérigo/sacerdote/pároco/pastor
alfabeto	caracter/letra/caractér/carácter
Macropus	Macropus_giganteus
Via_Lactea	Constelação_de_Crux/crux
Tchecoslováquia	tchecoslovaco/checoslovaco
Dinamarca	dinamarquês/danês
Atenas	Platão/Platao/ateniense
Roménia	romena/romeno
gendarmaria	gendarme
Xenarthra	tamanduá
República_da_Hungria	húngara/húngaro
Anacardiaceae	Astronium/Schinus/Anacardium/Cotinus/Spondias/Pistacia/Toxicodendron/Rhus
Carduelis	pintasilgo
República_árabe_unida	egípcio
biota	Fauna/fauna/vegetação/flora
Clubes_de_futebol	quarterback/guard/linebacker/center
Libocedrus	Libocedrus_bidwillii/Libocedrus_plumosa
Andorra	andorrense/andorrano
Psittacidae	Psittacula/Agapornis/Amazona/Cacatua
Ixodes	Ixodes_ricinus
Ardeidae	Ardea/airão/garça/Ixobrychus/Nycticorax/Botaurus/Egretta
Dalbergia	Jacarandá-da-bahia
Acanthopterygii	Perciformes
Dinornithidae	moa
Cyprinidae	Phoxinus/Tinca/Gobio/Notropis/Scardinius/Cyprinus/carpa/Rutilus
Centaurea	aciano/Centaurea_cyanus
Plumbaginaceae	Limonium/Armeria
Colômbia	colombiano
faia	Faia_europeia/Faia-europeia
Companhia_de_Jesus	jesuíta/Jesuítas
Nageia	Nageia_nagi
terópoda	Megalosauridae/Maniraptora
alfabeto_grego	Θ/φ/alfa/Ι/Χ/ni/lambda/quem/psi/Γ/sigma/épsilon/Ζ/pi/rô/capa/tau/delta/csi/beta/ômicron/omêga/eta/ipsilone/epsílon/Υ/α/Y/Σ/ípsilon/ómega/Ω/iota/β/Ιota/Ρ/mi/Κ/dzeta/Gama/Δ/teta/zeta/fi/cá/Η/xi/gama/Π/hipsilo/deltas/ipsilão/Μ
Hypericum	Erva-de-são-joão/Erva_de_São_João
Silurus	peixe-gato
Islã	muçulmano/Muçulmano/Muçulmanos/Islão_sunita
universo	nebulosa/galáxia/Via_Láctea
Ploceinae	Ploceus/Estrilda
Indonésia	indonésio
Styracaceae	Halesia
londrina	londrino
sulídeos	alcatraz/Sula
Parthenium	guaiúle
Carthamus	açafrão-bastardo
Comunidade_da_Austrália	australiano
América_do_Norte	norte-americano
Limacidae	Limax/lesma
Cichlidae	Tilapia
Liga_Hanseática	Dortmund/Klaipeda/Klaipėda/Hamburgo/Hamburg/Bergen/Tartu/Rīga/Riga/Hanóver/Hanôver/Colónia/Colônia/Lübeck/Lubeck/Bruges/Rostock/Bremen
Magnoliaceae	Liriodendron
Fucales	Fucaceae
dentama	dente/Dentes
academia	acadêmico
espermatófita	Angiosperma/Magnoliophyta
Ciconia	cegonha
Sri_Lanca	cingalês
Saururaceae	Anemopsis/Houttuynia
Oligochaeta	minhoca
Saurísquios	Sauropodomorfos
Lepidothamnus	Lepidothamnus_fonkii/Lepidothamnus_laxifolius
Liga_Árabe	Mauritânia/Mauritania/Arábia_Saudita/Emiratos_Árabes_Unidos/Emirados_Árabes_Unidos/Argelia/Algéria/Argélia/Iêmen/Iémen/Iemen/Sudão/Sudao/Jordânia/Jordania/Kuwait/Coveite/Cuaite/Estado_do_Kuwait/República_Árabe_do_Egipto/República_Árabe_Unida/Egipto/Egito/República_árabe_unida/República_Árabe_do_Egito/Iraque/República_do_Iraque/Estado_da_Líbia/Líbia/Barém/Bareine/Bahrein/Bahrain/Somalia/Somália/Libano/República_do_Líbano/Líbano/Tunisia/Tunísia/Jibuti/Djibuti/República_de_Djibuti/Djibouti/Qatar/Catar/Marrocos/Sultanato_do_Omã/Omã/Oman/Síria/Siria/República_Árabe_Síria
Polemoniaceae	Linanthus
Mimini	Mimus/Melanotis
Sultanato_do_Omã	omanense
Myrsinaceae	Ardisia/Myrsine
júri	jurado/juror
Constelação_de_Crux	Acrux/Becrux
Malva	queijo
Phalangium	gira_mundo/aranha-fedorenta/bodum/aranha-alho/aranha-bode/frade-fedorento/aranha-bailarina
Reino_dos_Países_Baixos	Holandês/holandês/neerlandês
Rinocerontes	rinoceronte
Discoglossidae	Bombina/Alytes
ácaro	Carrapato/tiquetaque/carrapato
Siluridae	Silurus
Dicentra	Dicentra_spectabilis
Kwazulu-Natal	zulu
Bivalvia	Unionidae/Tridacnidae/Vieira/Pectinidae
Marginocephalia	Ceratopsia
Troglodytinae	Campylorhynchus/carriça/Cistothorus
Poaceae	Panicum/Muhlenbergia/Chloris/Saccharum/aveia/Spartina/Sorghum/Agropyron/Cortaderia/Sporobolus/erva/ervas/gramíneas/gramínea/Agrostis/Hordeum/Dactylis/Cenchrus/Setaria/Pennisetum/Schizachyrium/Eragrostis/Dactyloctenium/Poa/Digitaria/Bouteloua/Bromus/Stenotaphrum/Echinochloa/Glyceria/Eleusine/Oryzopsis/Phleum/Aegilops/Festuca/Elymus/Arrhenatherum/Alopecurus/Andropogon/milho/milhete/Secale/Arundo/Cynodon/Holcus/Leymus/Oryza
bananeira	banana
cafeeiro	café/árvore_de_café
Salamandra	Salamandra_atra/salamandra-de-fogo/Salamandra_de_fogo
Cricetidae	Baiomys/Arvicola/Microtus/Mesocricetus/Reithrodontomys/Peromyscus/Oryzomys/lêmingue/Lemingue/Lêmingue
Aranhas	tarântula/Theraphosidae/aranha/Aranha-lobo/Lycosidae
Aceraceae	Dipteronia
Cyclostomata	Peixe-bruxa
Gemini	Pólux/Castor
Lepisosteidae	Lepisosteus
Peixe-porco	Monacanthidae
Passeridae	Pardal/Passer/pardal
equídeos	potro
Classe_Média	burguês/burguesa
Taiwan	taiwanesa/taiwanês/chinês/chinesa
Teiidae	teju/Cnemidophorus
Carya	Nogueira-pecã
trem	locomotivas/locomotiva/máquina/vagão/automotora/automóvel/comboio/carro/vagões
Phalangeridae	Phascolarctos/Acrobates_pygmaeus/Petaurus
Suazilandia	Suázis
nogueira-comum	nogueira
poder_legislativo_dos_Estados_Unidos	Congresso_dos_Estados_Unidos/Congresso_dos_estados_unidos/congresso
Melissa	f/Erva-cidreira/Erva_cidreira/erva-cidreira
Bromeliaceae	Bromelia/Tillandsia
Cebus	Macaco-prego-de-cara-branca
Anas	pato-real/verde-azulado/patinho
marinha	frota
bosque	árvore
Droseraceae	Drosophyllaceae/Aldrovanda/Drosera/Drósera/Drosophyllum_lusitanicum
Lophophora	peiote/mescal
Casa_de_Hanôver	George
Servia	sérvios/Sérvios/sérvio
Núbia	núbio
Ranunculus	Ranunculus_aquatilis
Grande_Londres	londrino
Islão	muçulmano/Muçulmano/Muçulmanos/Islão_sunita
forças_armadas	caixilho/corpo/militar
Tentaculata	Lobata/Cestida
Merginae	Mergus
Plantago	plantago
Epilobium	epilóbio/epílobo
manada	ovinos/ovelha/carneiro/vacum/gado/bovinos/gado_bovino/vaca
Iraque	iraquiano
administração	diretoria/órgão_administrativo/conselho_de_administração
Bicuda	Gar/Lepisosteiformes
Irlanda	irlandês
Povos_eslavos	eslavo
Linum	linho
Via_Láctea	Constelação_de_Crux/estrela/crux
Coracias	Rolieiro-europeu
Bizâncio	bizantino
Clube_de_futebol	quarterback/guard/linebacker/center
Falcao	Falcão_americano/Falcão-americano/tarrafa/falcão_peregrino/falcão/peneireiro-vulgar/gerifalte/falcão_gerifalte
Magnoliophyta	Magnoliopsida/plantas_de_flor/angiosperma/angiospérmicas
Colombia	colombiano
Genova	genovez
Viburnum	Lonicera_pileata/Viburnum_lantana/Viburnum_prunifolium/Viburnum_opulus
Amarantaceae	amaranto/Amaranto/Celosia/Gomphrena/Alternanthera
Canídeos	Canis/Vulpes/Raposas/cão/canídeo/Urocyon/Nyctereutes
Boehmeria	rami
Torneio_de_Futebol	Clube_de_futebol/Clubes_de_futebol
Actinidia	Actinidia_chinensis/quivi
Cyphomandra	Tamarilho
Amanita	Amanita_caesarea/Amanita_muscaria/Amanita_phalloides
Prunus	ameixoeira/ameixa/ameixeira/amêndoeira/amendoeira/Pessegueiro/pessegueiro/nectarina/cerejeira/albricoque/abricoque/alperce/abricó/abricote/damasqueiro
Serinus	canário
Turdidae	Myadestes/Erithacus/Turdus/Phoenicurus/sabiá/tordo/Luscinia/Saxicola
Inglaterra	inglesa/inglês/Inglês
América_Setentrional	norte-americano
República_da_Indonésia	indonésio
chimpanzé	chimpancé/chimpanzé-comum/Chimpanzé_comum/pongo/jocó/bonobo
Argélia	argelino
Hamamelidaceae	Corylopsis/Fothergilla
Schefflera	Schefflera_actinophylla
Carnívoros	procionídeos/Procionídeos/Felino/Felídeos/Felinos/Mustelídeos/mustelídeos/canídeos/Canídeos/Viverrinae
Dicamptodontidae	Rhyacotritonidae
Arecidae	Arales/Pandanales
Líbano	libanês
Viscaceae	Viscum/Phoradendron
Apidae	Psithyrus
Peixe-bruxa	Myxine
Organização_do_Tratado_do_Atlântico_Norte	Reino_da_Noruega/Grão-Ducado_do_Luxemburgo/Islândia/República_da_Bulgária/Noruega/Bulgaria/Bairros_da_Noruega/República_da_Islândia/Bulgária/Luxemburgo/Espanha/República_Francesa/França/Reino_Unido_da_Grã-Bretanha_e_Irlanda_do_Norte/Reino_Unido/Grã-Bretanha/Reino-Unido/Holando/Países_baixos/Países_Baixos/PaísesBaixos/Holanda/Reino_dos_Países_Baixos/Neerlândia/Canadá/Canada/EEUU/Estados_Unidos_da_América/América/Estados_Unidos/EUA/E.U.A./Turquia/República_da_Turquia/Itália/Italia/República_Italiana/Grécia/Listas_de_Portugal/Portugal/Alemanha/República_Federal_da_Alemanha/Reino_da_Dinamarca/Dinamarca/Bélgica/Poetas_da_Bélgica/Belgica
Rio_de_Janeiro	carioca
Thunbergia	Thunbergia_alata
Suídeos	dela/seu/świnia/porco/suíno
tabela	linha/coluna/bicha
Procionídeos	Quati/Procyon/Ailuropoda/Bassariscus
Maniraptora	Dromaeosauridae
Chlamydomonadaceae	Chlamydomonas
Ordem_dos_Dominicanos	Religiosos_da_Ordem_dos_Dominicanos
Scombridae	Carapau/cavala
Orchidaceae	Sarcochilus/Malaxis/Gymnadenia/orquídea/Cephalanthera/Encyclia/Coryanthes/Goodyera/Phragmipedium/Brassia/Epidendrum/Corallorrhiza/Hexalectris/Cypripedium/Aplectrum/Psychopsis/Epipactis/Glossodia/Dryadella/Angraecum/Miltonia/Scaphosepalum/Calopogon/Habenaria/Spiranthes/Ophrys/Himantoglossum/Bletilla/Anoectochilus/Grammatophyllum/Listera/Schomburgkia/Cleistes/Phalaenopsis/Pterostylis/Selenipedium/Platanthera/Paphiopedilum/Cycnoches/Catasetum/Pleione/Dactylorhiza
Fungos	ficomiceto/fungos/fungo
Columbiformes	Columbidae
Bellis	margarida/margaridinha/margarida-vulgar/mal-me-quer
Sérvia_e_montenegro	Jugoslavo/iugoslavo
Pelecaniformes	Fregatidae/Sulidae/Anhingidae/Rabo-de-palha/Phalacrocoracidae/Rabo_de_palha/Corvo-marinho/Cormorão/sulídeos
Lyra	Vega
Hystricomorpha	Dasyproctidae/Hystricidae/Chinchillidae/Caviidae/Bathyergidae
planeamento_urbano	delimitação_de_zonas
Cavalo-marinho	cavalo-marinho
Apodiformes	Apodidae/Hemiprocnidae/Andorinhão
Myriapoda	Diplópode/lacraia/centopéia
Salamandridae	Taricha/Salamandra/Triturus/Notophthalmus/Tritão
Abrocoma	Abrocomidae
Albânia	albanês/albanés/albanesa
Iémen	iemenita
Companhia_de_jesus	jesuíta/Jesuítas
Opuntia	figo-da-Índia
Cornaceae	Helwingiaceae/Griseliniaceae/Cornus/Aucuba/Curtisia_dentata
República_Popular_da_China	chinês/chinesa
Phoenicopteridae	flamingo
Felídeos	Felis/Acinonyx/grande_felino/gato/Panthera/felinos/felino/felídeos
Canadá	Canadense/canadiano/canadense
Melastomataceae	Rhexia/Melastoma
Hirundinidae	Hirundo/Delichon
Thylacomyidae	Macrotis_lagotis
Proboscidea	proboscídeos
Proteales	Proteaceae
Rickettsiales	Rickettsiaceae/Chlamydiaceae
Plantaginaceae	Plantago
Alemanha	alemão/alemã
Fringilla	tentilhão
Vietnã	vietnamita
Constelação_de_Carina	Canopus
Castores	Rodízio/castor/Castor_gigante/castor-gigante
Ruanda	Hútus/Tutsis/Tútsis/Hutus
Onagraceae	Circaea/Oenothera/Epilobium
Celosia	crista
Congresso_dos_estados_unidos	Câmara_dos_Representantes_dos_Estados_Unidos_da_América/Senado_dos_Estados_Unidos_da_América/Senado_dos_estados_unidos/Senado_dos_Estados_Unidos
Rosaceae	Poterium/Photinia/Morangueiro/Spiraea/Eriobotrya/Sorbus/Potentilla/morangueiro/Heteromeles/Chaenomeles/Prunus/Crataegus/Amelanchier/Geum/Rubus
Phaseolus	Feijão-de-lima/Feijão_de_lima/Feijão_de_Lima/feijão/Vagem
Nepal	nepali/xerpas
Crime_organizado	gangue
Construtivismo	construtivista
Talpidae	topeira/toupeira/Uropsilus
León	Regulus
Flavivírus	Flavivirus
Santalales	Santalaceae/Viscaceae/Loranthaceae
Parus	chapim-azul
Caenolestidae	Caenolestes
Bolivia	boliviano
Theobroma	Cacau/cacaueiro/cacau/Theobroma_cacao
Myrtales	Elaeagnaceae/Lecythidaceae/Combretaceae/Melastomataceae/Trapaceae/Haloragaceae/Nyssaceae/Onagraceae/Thymelaeaceae/Myrtaceae/Lythraceae/Rhizophoraceae
Columba	pombo-comum
República_Árabe_do_Egito	egípcio
caprimulgiformes	Podargidae
Strombidae	Lambis
Filo	espécies/classe
América	estado-unidense/norte-americano
Abies	pinheiro/abeto
Pistacia	terebinto/pistache
Algéria	argelino
Daucus	cenoura
Spiranthes	Spiranthes_spiralis
Chlorophyta	Ulvophyceae/algas_verdes/Charophyceae/Chlorophyceae
Paraguai	paraguaio
República_da_Finlândia	finlandês
alfabeto_latino	r/n/p/i/Q/á/s/e/k/J/zê/m/g/ípsilon/f/h/d/u/w/o/t/b/x/X/ó/z/a
Ruménia	romena/romeno
série	número
Megaderma	Megaderma_lyra
Strix	coruja-do-mato
República_da_Índia	hindu/indiano
Cuculiformes	Musophagiformes/Musophagidae
Namíbia	Hereros/hererós
Samoa	samoano
jogo	livro
grei	ovinos/ovelha/carneiro/vacum/gado/bovinos/gado_bovino/vaca
Metazoário	Cnidarios/Cnidários/cnidários
talão_de_cheques	assinaturaembranco/cartabranca
declinação	nominal/substantivo
Prussia	prussiano
Listas_de_Portugal	lusitano/português/luso
Parulini	Geothlypis/Mariquita/Dendroica
Ordem_dos_Pregadores	Religiosos_da_Ordem_dos_Dominicanos
Sauropterygia	plesiossauro
Pica_pau	Colaptes/pica-pau/fuinho/Campephilus/Picus/Melanerpes
Pinaceae	Pseudolarix/Abies/Tsuga/Pseudotsuga/Pícea/abeto/Picea/pinheiro/Pinus/Larix
Cabombaceae	Brasenia/Cabomba
Checoslovaquia	tchecoslovaco/checoslovaco
mata	árvore
Aplysiidae	Aplysia
Gruidae	Grus/grua/grou
Sarcophilus	diabo-da-tasmânia/Diabo_da_tasmânia/Diabo_da_Tasmânia
Chlamydomonadales	Chlamydomonadaceae/Volvocaceae
comitê	diretor/director
Apocynaceae	Thevetia/Vinca/Catharanthus/Tabernaemontana/Trachelospermum/Apocynum/Rosa_do_deserto/Dipladenia/Plumeria/Amsonia/Acokanthera/Rosa_do_Deserto/Rosa-do-deserto/Alstonia
Artocarpus	Jaca/jaca/fruta-pão/Artocarpus_incisa
Dacrydium	rimu
Primatas	primata/primatas/Lemuroidea
turma	Insectos/inseto/hemípteros/insetos/insecto
Kuwait	kuwaiti
Heteromyidae	Perognathus/Dipodomys/Microdipodops/Liomys
Elaeagnaceae	Elaeagnus
Spermophilus	Espermófilo
colégio	corpo_docente/faculdade/mestre/professor
Apodidae	gaivão/Collocalia/Apus
Fabaceae	Trifolium/Swainsona/feijão/Arachis/Caesalpinioideae/Dipteryx/Mimosoideae/Hymenaea/Centrolobium
Commelinidae	Commelinales
Aphididae	Aphis
Catostomidae	Catostomus
América_Central	americano
Lagostomus	viscacha
Dente_de_leão	dente-de-leão
Myomorpha	Muroidea/Dipodidae/Cricetidae/Spalacidae/Gliridae
Lapónia	lapônio/lapão
Lophiidae	Lofiformes/Lophiiformes/tamboril
Conium	cicuta
Suazilândia	Suázis
Unionidae	Unio
Crocodilos	crocodilo/Jacaré/Jacare
Scorpius	Antares
Etrúria	etrusco
Lepidosauria	Escamados
Lecythidaceae	Grias
Bolívia	boliviano
Nobreza	patrício/aristocrata
grupo	livro
Agapornis	agapornis/periquito-namorado
Chamaeleo	Camaleão-comum
Comunidade_de_Estados_Independentes	Bielorrussia/República_da/Ucrania/Azerbaijão/Moldávia/Ucránia/Bielorrússia/Belarus/Ucrânia/Azerbeijão/Tajiquistão/Tadjiquistão/Geórgia/Turcomenistão/Turquemenistao/Turquemenistão/Federação_Russa/Rússia/República_da_Armênia/República_da_Arménia/Arménia/Armenia/Armênia/Cazaquistão/Casaquistão/Cazaquistao/República_do_Cazaquistão/Usbequistão/Uzbekistan/Uzbequistao/Uzbequistão/Quirguistão/quirguiz/Quirguizistão/Quirguistao
Charadriidae	Charadrius/Pluvialis
Rallidae	Porzana/Fulica/Gallinula/Porphyrio/Gallirallus
Egipto	egípcio
República_Federal_da_Alemanha	alemão/alemã
crocodilianos	crocodilo/Jacaré/Jacare
Áustria	austríaco
Zantedeschia	Zantedeschia_aethiopica
Canavalia	feijão-de-porco
Laico	laico/leigo
Juglandaceae	Cyclocarya/Carya
mercado	bolsadevalores/bolsa/bolsa_de_valores/Mercado_de_ações/mercado_da_bolsa
Malásia	malaio/Malaios
Amaranto	amaranto
Crataegus	pirilteiro/Pilreteiro/estrepeiro/possa/pilriteiro
Papaver	Papoila/papoula/papoila/Papoila_dormideira/Papoila-dormideira
Matricaria	camomila-vulgar
Helodermatidae	monstro-de-gila/Monstro_de_gila/Monstro-de-Gila
reino	filo/Filo
Panthera	jaguar/jaguaretê/jaguarapinima/onça-pintada/acanguçu/canguçu/leão/Leões/tigre/Tigres/leopardo-das-neves/onça/leopardo
Deserto_do_Saara	tuaregues
junta	diretor/director
Sérvia_e_Montenegro	Jugoslavo/iugoslavo
Casa_de_Windsor	Elizabeth_II/Isabel_II
aliança	aliado
Marchantiales	Marchantiaceae
Polygalaceae	Polygala
Abissínia	etíope
guilda	sócio_de_clube
Loranthaceae	Loranthus/Arceuthobium
Threskiornithidae	Threskiornis
vaca	vitelo/bezerro/terneiro
cavalo_de_pau	potro
país	província/estado
Família_Real	princesa/Princesa/Sua_Alteza/rainha/rei/príncipe/Príncipe
Ave_limícola	Ostraceiro/Recurvirostridae/Glareolidae/Scolopacidae/Burhinidae/Charadriidae
Feminismo	feminista
Constelação_de_Centaurus	Beta_Centauri/Próxima_Centauri/Omega_Centauri/Alfa_centauri/Alfa_Centauri
Loxia	cruza-bico
Escócia	escocês
Freguesias	paroquiano
Trimurti	Brama/Shiva/Vixnu
classe	ordem/Arenavirus/Rhabdovírus/tribo/Flavivírus/Bunyaviridae/Flaviviridae/Rhabdovirus/Arenavírus/gênero/Gênero/género
Persea	abacateiro
Loasaceae	Mentzelia
serviço_militar	forças_armadas/exército
Leo	Regulus
Columbidae	Columba/Streptopelia/Rola/Rôla/pomba/pombo
comité	diretor/director
Lavandula	lavanda
Thuja	Thuja_plicata/Thuja_occidentalis
Carvalho	carvalho/carvalho-vermelho
Togo	togolense
Malacostraca	Decapoda/Isopodos/Isópodos/isópodos/Amphipoda/Anfípoda/Mysidacea
Pectinidae	vieira
Hydrobatidae	Oceanites
Proteus	Proteus_anguinus
Salvadoraceae	Salvadora
papado	papa/pontífice
Violaceae	Melicytus/Hybanthus
Berberidaceae	Caulophyllum/Epimedium/Podophyllum/Bérberis/Berberis/Mahonia
Rússia	República_de_Komi/russo
Thylacinus	Tigre_da_Tasmânia/Tigre-da-tasmânia/Tigre_da_tasmânia/tilacino
Viverrinae	binturong
Geórgia	georgiano
Pogostemon	Patchouli
Aesculus	Castanheiro_da_índia/Castanheiro_da_Índia/Castanheiro-da-índia
Armenia	armênios/Arménios
bovídeos	Ovis/Bovinae/bovinos/Tragelaphus/Bos/Palanca/Capra/búfalo
Dublin	Dublinenses
criação	nebulosa/galáxia/Via_Láctea
Cão_da_pradaria	cão-da-pradaria
Línguas_da_Lituânia	lituânio/lituânico/lituano
baleia-franca	Eubalaena
Bielorrussia	bielorrusso
Pequenas_Ilhas_da_Sonda	Bali/Báli/Timor
turdídeos	Myadestes/Erithacus/Turdus/Phoenicurus/sabiá/tordo/Luscinia/Saxicola
Àcaro	ácaro/Carrapato/tiquetaque/carrapato
Viscum	visco/Visco
Canis	lobo/cão/chacal/cachorro/loba
República_do_Líbano	libanês
Omã	omanense
Coraciiformes	Bucerotiformes/Bucerotidae/Abelharuco/Meropidae/Phoeniculidae/Juruva/Momotidae/Todidae/Coraciidae
coruja	Tytonidae/Strigidae/Corujas/estrige/bufo/mocho/corujão/Strigiformes
Canada	Canadense/canadiano/canadense
Estados_Confederados_da_América	Texas/Mississippi/Mississíppi/Carolina_do_sul/Carolina_do_Sul/Tennessee/Missouri/Alabama/Carolina_do_Norte/Flórida/Florida/Luisiana/Arcansas/Arkansas/Geórgia/Virgínia
Cupressaceae	Taxodiaceae/Juniperus/Tetraclinis/Cupressus/sequóia/Cedro_do_incenso/cedro-do-incenso/cedro/Criptoméria/Criptomeria/Chamaecyparis/Sequoiadendron/Athrotaxis/Libocedrus/Thuja/Taxodium/Callitris/Austrocedrus/Thujopsis
natureza	nebulosa/galáxia/Via_Láctea
crime_organizado	gangue
Chaetodontidae	Pomacanthus
coligação	aliado
lagomorfos	Leporidae
Leonotis	Leonotis_leonurus/Leonotis_nepetifolia
Miriápodes	Diplópode/lacraia/centopéia
Ácaros	ácaro/Carrapato/tiquetaque/carrapato
Oman	omanense
Decapoda	Reptantia
Primulales	Primulaceae/Myrsinaceae/Plumbaginaceae/Plumbaginales/Theophrastaceae
Alnus	Amieiro/amieiro
Cupressus	cipreste
maçonaria	maçom/franco-maçom
República_de_Malta	maltês
Gastrópodes	Docoglossa/Opisthobranchia/Pulmonata/Strombidae/Neritidae/Buccinidae/gastrópodes/Limacidae/Haliotidae
Via-Láctea	Constelação_de_Crux/crux
Acinonyx	guepardo/chita
Neuroptera	Hemerobiidae/Megaloptera
Estados_Unidos_Mexicanos	mexicana/Mexicano/mexicano
Plantae	criptógamas/espermatófita/Bryophyta_sensu_lato/Bryophyta/Lycopodiophyta/Lycophyta/Talófita/flora/planta/vegetal/Pteridófitas
Urticaceae	Parietaria/Boehmeria/Pilea/Laportea/Pipturus
Fagales	Betulaceae/Fagaceae/fagáceas
Lírio	Lilium_auratum/açucena/lírio
Trifolium	trevo
burocracia	funcionário_público
Faia	faia/Faia_europeia/Faia-europeia
Scolopacidae	Tringa/Calidris/Numenius/Bartramia
batalhão	companhia
Cártago	cartaginês/Cartagineses
mundo	gente/espectador/povo/pessoas/população/nebulosa/galáxia/Via_Láctea/audiência
Geococcyx	Geococcyx_californianus
República_do_Peru	peruano
Jugoslávia	Jugoslavo/iugoslavo
Árabia	árabe/Arábico
instituto	escola/IES/instituição_de_ensino_superior/universidade/corpo_docente/faculdade/mestre/professor
Quénia	queniano
Foeniculum	funcho
América_do_Sul	americano
espécies	ordem/Estirpe/variante/raça/estirpe
Anacardium	caju
Eslovaquia	eslovaco
Quati	quati
Azadirachta	Neem
Colégio_dos_Cardeais	cardeal
República_da_Letônia	letão
Virgo	Spica
Morus	amoreira
força_de_trabalho	partida
Zingiber	gengibre
Juncaceae	Juncus
comboio	locomotivas/locomotiva/máquina/vagão/automotora/automóvel/carro/trem/vagões
francomaçonaria	maçom/franco-maçom
Phoca	Foca-comum
Vulpes	raposa
lumeeira	pirilampo/vaga-lume
Sri-Lanka	cingalês
coro	coralista
Mentha	menta/hortelã
Piperales	Piperaceae/Saururaceae/Chloranthaceae
Xenopus	Xenopus_laevis
Canis_Major	Sirius/Sírio
República_Popular_Democrática	laosiano
Poetas_da_Bélgica	belga
Gyps	grifo
crocodilo	Crocodylus
Ceratonia	alfarrobeira/Alfarroba
Motacillinae	Anthus/Motacilla/Alvéola
Itália	sabinos/italiano/ítalo/italiana/itálico
Capsella	Bolsa_de_pastor/Bolsa-de-pastor
República_Islâmica_do_Paquistão	paquistanês
Austria	austríaco
escola	IES/instituto/instituição_de_ensino_superior/universidade/corpo_docente/faculdade/mestre/professor
Carpinus	carpino
Gabinete_dos_Estados_Unidos	Secretário_de_Estado/Secretário_de_estado
Bulgaria	búlgaro
Poeciliidae	Gambusia
Amaranthaceae	amaranto/Amaranto/Celosia/Gomphrena/Alternanthera
Filovirus	Vírus_de_Marburg
Sete_Maravilhas_do_Mundo_Antigo	Colosso_de_rodes/Colosso_de_Rodes/Jardins_Suspensos_da_Babilônia/pirâmide
Petroselinum	perrexil/salsa
Constelação_de_Canis_Minor	Procyon
Denominações_anabatistas	Anabatismo/anabatista
Cuba	cubano/Cubano
Mammea	Abricó-do-Pará/Abricó-do-pará
gente	espectador/plebeu/cidadã/cidadão/alma/indivíduo/ser_humano/alguém/pessoa/audiência
terra	província/estado
Baobá	embondeiro/baobá/adansônia/baobabe
Somália	somali
Etiopia	etíope
Gendarmaria	gendarme
Regimes_políticos	partido_político/partido/legenda
concílio	vereador
CEI	Bielorrussia/República_da/Ucrania/Azerbaijão/Moldávia/Ucránia/Bielorrússia/Belarus/Ucrânia/Azerbeijão/Tajiquistão/Tadjiquistão/Geórgia/Turcomenistão/Turquemenistao/Turquemenistão/Federação_Russa/Rússia/República_da_Armênia/República_da_Arménia/Arménia/Armenia/Armênia/Cazaquistão/Casaquistão/Cazaquistao/República_do_Cazaquistão/Usbequistão/Uzbekistan/Uzbequistao/Uzbequistão/Quirguistão/quirguiz/Quirguizistão/Quirguistao
eleitorado	eleitor/votante/constituintes/eleitores/_votantes
Cedro_do_incenso	Cedro-do-incenso-da-califórnia/Cedro_do_incenso_da_Califórnia/Cedro_do_incenso_da_califórnia
Actinidiaceae	Actinidia
plâncton	fitoplâncton/zooplâncton
Lycosidae	Lycosa
Picris	Picris_echioides
Rubiaceae	cafeeiro/garança/Rubia/Vangueria/Asperula/Galium/Psychotria/Mitchella
Ornitísquios	Marginocephalia/Tireoforanos/Thyreophora
Ruminantia	Antilocapridae/Trágulo/bovídeos/ruminante/ruminantes
Fungi	ficomiceto/fungos/fungo
lei	polícia/agente/policial/guarda
família_real	princesa/Princesa/Sua_Alteza/rainha/rei/príncipe/Príncipe
Epipremnum	Epipremnum_aureum
Italia	sabinos/italiano/ítalo/italiana/itálico
Cotingidae	Rupicola/Procnias
Agnatha	Anaspida/Cyclostomata
Dublim	Dublinenses
República_Federativa_do_Brasil	brasileira/brasileiro
Nymphaea	Nymphaea_lotus
Caryophyllaceae	Cerastium/Sagina/Stellaria/Saponaria/Moehringia/Spergularia/Minuartia/Scleranthus/Gypsophila/Dianthus/Agrostemma/Arenaria/Spergula
País_de_Gales	galês
Escalas_musicais	nota/tom
baralho	dama/Cartas_de_jogar/carta/carta_de_baralho/naipe
Berberis	bérberis/uva-espim
Oriolini	Oriolus
Veneza	veneziano/vêneto
Gliridae	Eliomys/lirăo/arganaz
Euphorbia	coroa-de-cristo/eufórbio
Erithacus	pisco_de_peito_ruivo
Malta	maltês
Urocyon	Raposa_cinzenta/raposa-cinzenta
Pterodactilo	pterodáctilo
Scrophulariaceae	Castilleja/Antirrhinum/Agalinis/Scrophularia/Linaria/Penstemon/Chelone/Collinsia
Tróia	troiano/troiana
Associação_de_Nações_do_Sudeste_Asiático	Singapura/Cingapura/República_Popular_Democrática_Lao/Lao/Laos/Laus/República_Democrática_Popular_de_Lao/República_Popular_Democrática/Myanmar/Birmânia/Mianmar/República_da_União_de_Myanmar/Brunei/Indonésia/Indonesia/República_da_Indonésia/Sião/Tailândia/Reino_da_Tailândia/Filipinas/Camboja/Reino_do_Camboja/Vietnã/Vietname/Malásia/Malasia
Estado_de_Israel	israelense
Peromyscus	Peromyscus_maniculatus
Cynara	alcachofra_de_comer/Alcachofra/alcachofra_hortense/alcachofra
Coveite	kuwaiti
_hora_marcada	acompanhante/ficante
Península_da_Malásia	Malaios/malaio
orquídea	Sarcochilus/Malaxis/Gymnadenia/Cephalanthera/Encyclia/Coryanthes/Goodyera/Phragmipedium/Brassia/Epidendrum/Corallorrhiza/Hexalectris/Cypripedium/Aplectrum/Psychopsis/Epipactis/Glossodia/Dryadella/Angraecum/Miltonia/Scaphosepalum/Calopogon/Habenaria/Spiranthes/Ophrys/Himantoglossum/Bletilla/Anoectochilus/Grammatophyllum/Listera/Schomburgkia/Cleistes/Phalaenopsis/Pterostylis/Selenipedium/Platanthera/Paphiopedilum/Cycnoches/Catasetum/Pleione/Dactylorhiza
agregado	nécton/Plancton/plâncton
Glycine	soja/semente_de_soja
Vieira	vieira
urbanismo	delimitação_de_zonas
Chimpanze	chimpancé/chimpanzé-comum/Chimpanzé_comum/chimpanzé/pongo/jocó/bonobo
Alaudidae	Alauda
Abelharuco	Merops
Cynodon	Cynodon_dactylon
Cinnamomum	cânfora/canela/caneleira
Erythroxylum	coca
Strigidae	Asio/Otus/Strix
Paquistão	paquistanês
Bucerotidae	calau
Syngnathidae	Syngnathus/cavalo-marinho/cavalo_marinho/Cavalo-marinho/Peixe-cachimbo
Sri_lanka	cingalês
América_Latina	latino-americano/latinoamericano
Dasyatidae	arraia/raia
Curcuma	Cúrcuma/Açafrão_da_terra/Açafrão-da-terra
Romênia	romena/romeno
Constelação_de_Lyra	Vega
Malpighiaceae	Malpighia
povo	espectador/gente/pessoas/população/plebeu/cidadã/cidadão/alma/indivíduo/ser_humano/alguém/pessoa/audiência
vaga-lume	pirilampo
Dicksoniaceae	Dicksonia
Rutáceas	Zanthoxylum/Phellodendron/Dictamnus
Pastinaca	Pastinaca_sativa
Virgem	Spica
Chondrichthyes	Elasmobranchii
Organização_para_a_libertação_da_palestina	Fatah
Asteraceae	Hypochaeris/Rudbeckia/Crepis/Lasthenia/Erigeron/Brickellia/Helipterum/Elephantopus/Bellis/Delairea/Stokesia/Packera/Echinops/Mikania/Cacalia/Bidens/Helenium/Hyalosperma/Doronicum/Dente_de_leão/Cirsium/Layia/Dendranthema/Parthenium/Homogyne/Eriophyllum/Silybum/Anaphalis/Enceliopsis/Echinacea/Centaurea/Conoclinium/Onopordum/Anacyclus/Buphthalmum/Cotula/Chamaemelum/Craspedia/Antennaria/Helichrysum/Liatris/Cnicus/Matricaria/Argyranthemum/Sonchus/Ozothamnus/Argyroxiphium/Matricária/dente-de-leão/Baccharis/Melampodium/Ageratina/Ligularia/Pulicaria/Carduus/Senecio/Magydaris/Conyza/Boltonia/Picris/Leontopodium/Eupatorium/Leucanthemum/cardo/Arctotis/Haplopappus/Olearia/Tanacetum/Gnaphalium/Sanvitalia/Gérbera/Gerbera/Townsendia/Carthamus/Verbesina/artemísia/Encelia/Pericallis/Ratibida/Madia/Cynara/Lactuca/Prenanthes/Scolymus/Grindelia/Callistephus_chinensis/Anthemis/Pilosella/Balsamorhiza/Amberboa/Gynura/almeirão/Hulsea/Hazardia/Felicia/Petasites/Arctium/Santolina/crisântemo/Machaeranthera/Gutierrezia/Chrysothamnus/Carlina_salicifolia/Saussurea/Tripleurospermum
República_da_Guatemala	guatemalteco/guatemalense
Balistidae	Monacanthidae
rebanho	ovinos/vacum/gado/bovinos/gado_bovino/vaca/ovelha/carneiro
República_Árabe_do_Egipto	egípcio
Sorex	musaranho_comum
Lepidoptera	lepidópteros/Lymantriidae/Arctiidae/Nymphalidae/Noctuidae/Pyralidae/Bombycidae/Tortricidae/Gelechiidae/Pieridae/Geometridae/Saturniidae/Sphingidae/Lasiocampidae/Lycaenidae/larva/lagarta
Veratrum	heléboro
ASEAN	Singapura/Cingapura/República_Popular_Democrática_Lao/Lao/Laos/Laus/República_Democrática_Popular_de_Lao/República_Popular_Democrática/Myanmar/Birmânia/Mianmar/República_da_União_de_Myanmar/Brunei/Indonésia/Indonesia/República_da_Indonésia/Sião/Tailândia/Reino_da_Tailândia/Filipinas/Camboja/Reino_do_Camboja/Vietnã/Vietname/Malásia/Malasia
Periplaneta	barata-australiana/Barata_australiana/Barata_americana/Barata-americana
Pedaliaceae	Proboscidea/Sesamum
Plancton	fitoplâncton/zooplâncton
Asteridae	Rubiales/Campanulales
Felinos	Felis/Acinonyx/grande_felino/gato/Panthera/felinos/felino/felídeos
Caricaceae	Cárica/Carica
Gesneriaceae	Saintpaulia/Sinningia/Alsobia
Ptilonorhynchidae	Chlamydera
Planejamento_Urbano	delimitação_de_zonas
Croácia	Croata/croatas
EEUU	estado-unidense/norte-americano
Tulipa	túlipa/tulipa
Nicarágua	nicaraguense
Teleostei	Pempheridae/Osteoglossiformes/Acanthopterygii
Jordânia	jordaniano
paroquianos	paroquiano
aveia	Avena_sativa
Ilex	azevim/azevinho
paróquia	paroquiano
Spheniscus	Pinguim-africano/Pinguim_africano/Pingüim-africano
bovinos	vitelo/bezerro/terneiro
Borago	borragem
Angiosperma	Magnoliopsida/plantas_de_flor/angiosperma/angiospérmicas
Falconidae	falcão/Falco/Falcão/Falcao
falconídeos	falcão/Falco/Falcão/Falcao
Papagaio	Psittacula/Agapornis/Amazona/Cacatua
Atropa	beladona
Psidium	Araçá_rosa/goiabeira/Araçá-rosa
Botsuana	hererós/Hereros
República_Francesa	basco/francês
Picidae	Colaptes/pica-pau/fuinho/Campephilus/Picus/Melanerpes
Turdinae	Myadestes/Erithacus/Turdus/Phoenicurus/sabiá/tordo/Luscinia/Saxicola
cosmo	nebulosa/galáxia/Via_Láctea
Arménia	armênios/Arménios
Aptenodytes	pinguim-rei/pinguim-imperador
Classe_Media	burguês/burguesa
Formica	Formica_fusca
cnidários	pólipo/Anthozoa/Hydrozoa/celenterados/medusa/aguá-viva/Medusa/Scyphozoa
Adenanthera	carolina/Carolina
Eslavos	eslavo
Londres	londrino
Cotovia	Alauda
Ranunculaceae	Cimicifuga/Eranthis/Trollius/Anemonella/Consolida/Coptis/Caltha/Aconitum/Adônis/Adonis/Thalictrum/Ranunculus/Actaea/Isopyrum
OEA	Costa_Rica/Uruguai/Chile/O_Chile/Sao_Vicente_e_Granadinas/São_Vicente_e_Granadinas/Jamaica/MEXICO/México/Estados_Unidos_Mexicanos/Mexico/Paraguai/Guatemala/República_da_Guatemala/República_do_Haiti/Haití/Haiti/Santa_Lúcia/República_das_Honduras/Honduras/Barbados/São_Cristóvão_e_Nevis/Saint_Kitts_e_Nevis/São_Cristóvão_e_Neves/Domínica/Dominica/Domingos/Comunidade_da_Dominica/Baamas/Bahamas/Venezuela/Colômbia/Colombia/Colómbia/Granada/República_Dominicana/Panamá/Suriname/Cuba/Trinidad_e_tobago/Trinidad_e_Tobago/Trindade_e_Tobago/EEUU/Estados_Unidos_da_América/América/Estados_Unidos/EUA/E.U.A./Antígua_e_Barbuda/Equador/República_do_Equador/Bolívia/Bolivia/El_Salvador/Salvador/El_salvador/Argentina/Brasil/República_Federativa_do_Brasil/República_do_Peru/Peru
Sapindales	Hippocastanaceae/Anacardiaceae/Aquifoliaceae/Empetraceae/Celastraceae/Buxaceae/Sapindaceae/Aceraceae
Homoptera	Cicadellidae
Sesamum	gergelim
Comunidade_dos_Estados_Independentes	Bielorrussia/República_da/Ucrania/Azerbaijão/Moldávia/Ucránia/Bielorrússia/Belarus/Ucrânia/Azerbeijão/Tajiquistão/Tadjiquistão/Geórgia/Turcomenistão/Turquemenistao/Turquemenistão/Federação_Russa/Rússia/República_da_Armênia/República_da_Arménia/Arménia/Armenia/Armênia/Cazaquistão/Casaquistão/Cazaquistao/República_do_Cazaquistão/Usbequistão/Uzbekistan/Uzbequistao/Uzbequistão/Quirguistão/quirguiz/Quirguizistão/Quirguistao
Normandia	normando
Xyridaceae	Xyris
Bos	auroque/brâman/Zebu/zebu/iaque/Bos_javanicus/vacum/gado/bovinos/gado_bovino/vaca/boi
Japão	japonês
Strelitziaceae	Strelitzia
Alismataceae	Alisma/Sagittaria
Carnivora	procionídeos/Procionídeos/Felino/Felídeos/Felinos/Mustelídeos/mustelídeos/canídeos/Canídeos/Viverrinae
conjugação	verbo
Psilophyta	Psilotum
Loganiaceae	Logania/Gelsemium
Convolvulaceae	Cuscuta/Argyreia/Calystegia/Ipomoea
Gambusia	Gambusia_affinis
Carina	Canopus
Guatemala	guatemalteco/guatemalense
Orthoptera	ortópteros/Acrididae/Tettigoniidae
Ochnaceae	Ochna
Merostomata	Euriptéridos/Xiphosura
Erodium	gerânio
BENELUX	Luxemburgo/Grão-Ducado_do_Luxemburgo/Holando/Países_baixos/Países_Baixos/PaísesBaixos/Holanda/Reino_dos_Países_Baixos/Neerlândia/Bélgica/Poetas_da_Bélgica/Belgica
Erinaceus	ouriço/ouriço-terrestre/porco-espinho
Península_da_malásia	Malaios/malaio
Ericaceae	Phyllodoce/urze/tojal/charneca/Cassiope/Epigaea/Calluna/Lyonia/Ledum/Gaylussacia/Daboecia/Chamaedaphne/Menziesia/Arctostaphylos/Gaultheria/Vaccinium/Oxydendrum
Tonga	tonganês
República_da_Armênia	armênios/Arménios
norte	ianque/gringo
Pueraria	Pueraria_lobata
Belgica	belga
Fagaceae	Nothofagus/Chrysolepis/Lithocarpus/Castanopsis/faia/Faia/Quercus/Carvalho
torda	Uria/lunda/papagaio-do-mar
Pica-pau	Colaptes/pica-pau/fuinho/Campephilus/Picus/Melanerpes
cordados	Craniata/Cephalochordata
Magnoliidae	Ranunculales
Mesocricetus	Hamster_sírio/Hamster_Sírio/Hamster-sírio
Eslovenia	eslovena/esloveno
matilha	cachorro/cão
Microstrobos	Microstrobos_niphophilus
Peramelidae	Thylacomyidae
Larix	lariço/lariço-europeu/larice/alerce
Stenotaphrum	grama_Sto._Agostinho/Grama_sto._agostinho
empresas	divisão/departamento
Apoidea	abelha_operária/abelha_rainha/abelha-mestra/abelha-operária/abelha-rainha/vespa/abelha/bê/Apidae/Andrenidae
Tamarix	tamariz/tramaga/tramagueira/tamargueira/tamarisco/tamarga
Vicia	Fava
Laos	laosiano
Equador	equatoriano
Hylidae	Hyla
Caprimulgiformes	Podargidae
Hordeum	cevada
Echium	viperina
Pagrus	Pagrus_pagrus
fraternidade	frade/irmão
Canis_Minor	Procyon
hinduísmo	hindu/Movimento_hare_krishna/Movimento_Hare_Krishna
Carica	Mamão
Sicilia	siciliano
México	mexicana/Mexicano/mexicano
conselho	diretor/director
Iguanidae	Basiliscus/Anolis
Colómbia	colombiano
Bauhinia	Bauhinia_variegata
Musophagidae	Musophaga
Aquila	Altair/Águia_real/Águia-rapace/águia-real
Angola	angolense/angola/angolano/hererós/Hereros
Labirintodonte	Stereospondyli/Temnospondyli
Fraxinus	freixo
Congo-Kinshasa	congolês/congolense
Nematocera	maruim/Chironomidae/Psychodidae
Colégio_Cardinalício	cardeal
Musca	mosca/Mosca-doméstica/mosca_doméstica/Mosca_doméstica
Carpobrotus	Chorão-das-praias/Chorão_das_praias
clã	parente
Gadiformes	Gadidae
Liliales	Iridaceae/Hypoxidaceae/Juncaceae/Dioscoreaceae/Haemodoraceae/Agavaceae/Amaryllidaceae/Liliaceae
associação	associado
Tripulação	tripulante
Lonicera	Lonicera_japonica/Lonicera_involucrata/madressilva
máquina_de_guerra	caixilho
MEXICO	mexicana/Mexicano/mexicano
Cnidários	pólipo/Anthozoa/Hydrozoa/celenterados/medusa/aguá-viva/Medusa/Scyphozoa
Organização_dos_Países_Exportadores_de_Petróleo	Arábia_Saudita/India/República_da_Índia/Índia/Emiratos_Árabes_Unidos/Emirados_Árabes_Unidos/Argelia/Algéria/Argélia/República_Islâmica_do_Irão/Pérsia/Irao/Irã/Irão/Kuwait/Coveite/Cuaite/Estado_do_Kuwait/República_Árabe_do_Egipto/República_Árabe_Unida/Egipto/Egito/República_árabe_unida/República_Árabe_do_Egito/Iraque/República_do_Iraque/Estado_da_Líbia/Líbia/Indonésia/Indonesia/República_da_Indonésia/Venezuela/Qatar/Catar
Rhamnaceae	Colubrina/Paliurus/Pomaderris/Ziziphus
Hemiptera	Percevejos/percevejo/Homoptera/insecto/inseto
Abelmoschus	Abelmosco/quiabo/quiabeiro
Canis_minor	Procyon
Bisâncio	bizantino
Luxemburgo	luxemburguês
Osteichthyes	Teleostei
Estados_confederados_da_américa	Texas/Mississippi/Mississíppi/Carolina_do_sul/Carolina_do_Sul/Tennessee/Missouri/Alabama/Carolina_do_Norte/Flórida/Florida/Luisiana/Arcansas/Arkansas/Geórgia/Virgínia
República_Italiana	sabinos/italiano/ítalo/italiana/itálico
Charophyceae	Desmidiaceae/Charales
população	cidadã/cidadão/alma/indivíduo/ser_humano/alguém/pessoa
trem_de_passageiros	carruagem/vagão
Podocarpus	Podocarpus_elongatus/Podocarpus_coriaceus/Podocarpus_nivalis
Mamute	mamute
Reino_da_Tailândia	tailandês
ONU	Tribunal_Internacional_de_Justiça/Tribunal_internacional_de_justiça/Secretariado_das_Nações_Unidas/Secretariado_das_nações_unidas/Assembleia_Geral
Trácia	trácios/Trácios/trácio
Checoslováquia	tchecoslovaco/checoslovaco
galáxia	estrela
Oryza	arroz
Rosidae	Rosales/Geraniales/Myrtales
Agaricales	Agaricaceae
EUA	estado-unidense/norte-americano
Cidade_Luz	parisiense
Caprimulgus	noitibó-da-europa
Prússia	prussiano
Organização_para_a_Libertação_da_Palestina	Fatah
Casa_de_Tudor	Joana_Grey/Joana_grey
Canis_major	Sirius/Sírio
Reino_da_Noruega	norueguês/Norueguês/norueguesa
Hippocastanaceae	Aesculus
Flaviviridae	Flavivirus/Flavivírus
Polônia	polonesa/polaco/polonês/polaca/Polacos/polonêsa
Dilleniaceae	Hibbertia
Crocodylus	crocodilo/crocodilos
Comunhão_Anglicana	anglicano
Alfabeto_grego	Θ/φ/alfa/Ι/Χ/ni/lambda/quem/psi/Γ/sigma/épsilon/Ζ/pi/rô/capa/tau/delta/csi/beta/ômicron/omêga/eta/ipsilone/epsílon/Υ/α/Y/Σ/ípsilon/ómega/Ω/iota/β/Ιota/Ρ/mi/Κ/dzeta/Gama/Δ/teta/zeta/fi/cá/Η/xi/gama/Π/hipsilo/deltas/ipsilão/Μ
Lythrum	Lythrum_salicaria
Flacourtiaceae	Flacourtia/Hydnocarpus/Dovyalis
Lythraceae	Lagerstroemia/Lythrum
Sparidae	Pagrus/Calamus
Tiliaceae	Tília/Tilia/Entelea/Corchorus
Picus	peto_verde
Protistas	protista
Haloragaceae	Myriophyllum
Andorinha	Hirundo/Delichon
Bielorrússia	bielorrusso
Coros	coralista
faculdade	catedrático/escola/IES/instituto/instituição_de_ensino_superior/universidade/professor
Cingapura	singapurense/singapuriano
Tilia	tília/til
homem	gente/povo/pessoas/população
Tebas	tebano
governo	juizado/Poder_Executivo/poder_executivo/assembléia_legislatíva/legislatura/poder_legislativo/burocracia/administração/divisão/departamento
Necturus	Necturus_maculosus
Paínho	Oceanites
Gabinete_Executivo_dos_Estados_Unidos	Secretário_de_Estado/Secretário_de_estado
Cunoniaceae	Ceratopetalum
Theophrastaceae	Jacquinia
Otididae	abetarda
Iêmen	iemenita
Pipridae	Pipra
Lao	laosiano
Melicoccus	mamoncillo/Melicoccus_bijugatus
Polónia	polonesa/polaco/polonês/polaca/Polacos/polonêsa
Clusiaceae	Calophyllum/Mesua/Hypericum/Mammea/Garcinia
Pinus	pinheiro
percevejo	Barata_d'água/Barata-d'água/Gerridae/Reduviidae
tulipa	túlipa
Irã	Persa/iraniano
Moluscos	moluscos/molusco/Gastrópodes/gastrópodes/Bivalves/Bivalvia
companhia	pelotão/elenco
Organização_das_Nações_Unidas	Tribunal_Internacional_de_Justiça/Tribunal_internacional_de_justiça/Secretariado_das_Nações_Unidas/Secretariado_das_nações_unidas/Assembleia_Geral
Chirocephalus	Artemia_salina
Algas_verdes	Ulvophyceae/algas_verdes/Charophyceae/Chlorophyceae
armada	frota
Vigna	Vigna_radiata/Vigna_unguiculata
Liliidae	Liliales
Basidiomycota	Agaricales
Sirenia	peixe-boi/Peixe-Boi/Peixe_boi/Dugongidae
OTAN	Reino_da_Noruega/Grão-Ducado_do_Luxemburgo/Islândia/República_da_Bulgária/Noruega/Bulgaria/Bairros_da_Noruega/República_da_Islândia/Bulgária/Luxemburgo/Espanha/República_Francesa/França/Reino_Unido_da_Grã-Bretanha_e_Irlanda_do_Norte/Reino_Unido/Grã-Bretanha/Reino-Unido/Holando/Países_baixos/Países_Baixos/PaísesBaixos/Holanda/Reino_dos_Países_Baixos/Neerlândia/Canadá/Canada/EEUU/Estados_Unidos_da_América/América/Estados_Unidos/EUA/E.U.A./Turquia/República_da_Turquia/Itália/Italia/República_Italiana/Grécia/Listas_de_Portugal/Portugal/Alemanha/República_Federal_da_Alemanha/Reino_da_Dinamarca/Dinamarca/Bélgica/Poetas_da_Bélgica/Belgica
Oncorhynchus	Oncorhynchus_tshawytscha
Caesalpinia	Caesalpinia_pulcherrima/Caesalpinia_echinata
Musaceae	bananeira/Ensete
Estados_Unidos	poder_legislativo_dos_Estados_Unidos/estado-unidense/norte-americano
Strigiformes	Tytonidae/Strigidae/Corujas/estrige/coruja/bufo/mocho/corujão
moluscos	molusco/Gastrópodes/gastrópodes/Bivalves/Bivalvia
Sapo	sapo
Viperidae	vibora/víbora/cobra
Bignoniaceae	Bignonia/Crescentia/Chilopsis
Caviidae	Cavia
Grã_Bretanha	bretão/britânico
Lituânia	lituânio/lituânico/lituano
Eriobotrya	Nêspera/ameixa/nespereira
Solanum	batata/beringela/berinjela
Aranha-lobo	Lycosa
Acanthaceae	Thunbergia/Graptophyllum
República_do_Mali	Maliense
Movimentos_políticos	célula/células
constelação	asterismo/estrela
Hungria	húngara/húngaro
ouvintes	aluno/auditor/ouvinte
Bairros_da_Noruega	norueguês/Norueguês/norueguesa
Potamogetonaceae	Zostera/Potamogeton/Groenlandia
feminismo	feminista
Rhizophoraceae	Rhizophora
Sciurus	esquilo_vermelho/esquilo-vermelho
Gênova	genovez
gadiformes	Gadidae
Gruiformes	Turniciformes/Otididae/Abetarda/Rallidae/Seriema/Gruidae
Trematoda	Helmintologia/verme
Pyrolaceae	Orthilia/Chimaphila
Iridaceae	Sparaxis/Sisyrinchium/Ixia
Santalaceae	Comandra/Santalum
estrutura_social	Regimes_políticos
Hypoxidaceae	Hypoxis
Spheniscidae	Spheniscus/pinguim/Aptenodytes
Perciformes	Gerreidae/Microdesmidae/Coryphaenidae/Malacanthidae/Gobiesocidae/Eleotridae/Perca/Ammodytidae/Priacanthidae/Cichlidae/Peixe-papagaio/Scaridae/Stromateidae/Sparidae/Toxotidae/Opistognathidae/caboz/Gobiidae/Chaetodontidae/Centropomidae/Anabantidae/Lutjanidae/Pomacentridae/Percophidae/Gempylidae/Centrarchidae/Percidae/Ephippidae/Haemulidae/Serranidae/Sciaenidae/Acanthuridae/Carangidae/Labridae/Apogonidae/Kyphosidae
lampíride	pirilampo/vaga-lume
Araucariaceae	Agathis
Theraphosidae	tarântula
Cathartidae	Cathartes
Pandanales	Typhaceae/Pandanaceae/Sparganiaceae
Macedónia	macedônico
Placentalia	Primatas/primatas/Proboscídeos/Proboscidea/Lagomorfos/lagomorfos/cetáceos/Cetáceos/carnívoros/Carnívoros/Carnivora/fissípedes/Insectívoros/mamífero/Sirenia
Pisum	ervilha
Campanulales	Cucurbitaceae/Campanulaceae/Asteraceae/Goodeniaceae
Croacia	Croata/croatas
Coryphaenidae	golfinho
Caryocaraceae	Caryocar
Macedônia	macedônico
Polonia	polonesa/polaco/polonês/polaca/Polacos/polonêsa
morangueiro	morango_silvestre/Fragaria_chiloensis/Morango/morango
Estado_do_Kuwait	kuwaiti
Ulvales	Ulvaceae
Nicaragua	nicaraguense
nobreza	par/patrício/Lady/aristocrata
República_da_Bulgária	búlgaro
Taricha	Taricha_granulosa
fungos	ficomiceto/fungo
Punica	romã/romãzeira
Chamaecyparis	Cedro_do_oregon/Cedro_do_Oregon/Cedro-do-oregon
Caryophyllidae	Caryophyllales
Venezuela	venezuelano
Meliaceae	Cedrela/Azadirachta/mogno/Lovoa/Toona/Khaya/Melia
França	basco/francês
exército	legionário/caixilho/corpo/militar
Filipinas	filipino
Caryophyllales	Portulacaceae/Caryophyllaceae/Phytolaccaceae/Nyctaginaceae/Amarantaceae/Amaranthaceae/Aizoaceae
Sterculioideae	Helicteres/Triplochiton/Firmiana/Theobroma/Fremontodendron/Pterospermum/Brachychiton/Heritiera
Pleuronectidae	Pleuronectes
Lepidium	lepidium/mastruço
Terópodes	Megalosauridae/Maniraptora
Suecia	sueca/sueco
Avahi	Avahi_laniger
Tinca	tenca
mitologia	mito/lenda
Aedes	Aedes_albopictus/Aedes_(stegomyia)_aegypti/Aedes_(Stegomyia)_aegypti/Aedes_(Stegomyia)_albopictus/Aëdes_aegypti/Aedes_(stegomyia)_albopictus/Aedes_aegypti
Portugal	lusitano/português/luso
Sicília	siciliano
Rodízio	castor
cristianismo	Cristãos/cristão/cristã/Cristão
Branco	caucasiano/caucasiana/branco
República_Democrática_Popular_de_Lao	laosiano
Indridae	Avahi
Etiópia	etíope
Beta	beterraba
India	hindu/indiano
Mitologia	mito/lenda
Osteoglossiformes	Aruanã
canídeos	Canis/Vulpes/Raposas/cão/canídeo/Urocyon/Nyctereutes
Classe_trabalhadora	operário/trabalhador/proletário/colarinho_azul
Nações_Unidas	Tribunal_Internacional_de_Justiça/Tribunal_internacional_de_justiça/Secretariado_das_Nações_Unidas/Secretariado_das_nações_unidas/Assembleia_Geral
biologia	Fauna/fauna/vegetação/flora
Grã-Bretanha	bretão/britânico
Uintatheriidae	Uintatério
República_do_Quénia	queniano
Camboja	khmer
Rubiales	Valerianaceae/Rubiaceae/Dipsacaceae/Caprifoliaceae
Iemen	iemenita
Taiti	taitiano
Espécie	Estirpe/variante/raça/estirpe
Tamaricaceae	Tamarix
Falcatifolium	Falcatifolium_taxoides/Falcatifolium_falciforme
Copernicia	Carandá/carnaúba
Felino	Felis/Acinonyx/grande_felino/gato/Panthera/felinos/felino/felídeos
Júri	jurado/juror/júri
Sylvilagus	Sylvilagus_aquaticus
Psychodidae	Phlebotomus
Volvocaceae	Volvox
Juncaginaceae	Triglochin
Brasil	brasileira/brasileiro
Ebenales	Styracaceae/Sapotaceae/Ebenaceae
mão-de-obra	partida
Iugoslávia	Jugoslavo/iugoslavo
Singapura	singapurense/singapuriano
Dioscoreaceae	Tamus/Dioscorea
Marrocos	marroquino
Rajiformes	Dasyatidae
Namibia	Hereros/hererós
Najadaceae	Najas
Pteropus	raposa_voadora
Ectoprocta	Entoprocta
cavalo_marinho	cavalo-marinho
Phoeniculidae	Phoeniculus
Sapindus	Koelreuteria_paniculata
Laurel_and_Hardy	Oliver_hardy/Oliver_Hardy/Stan_laurel/Stan_Laurel
Blattidae	Periplaneta
República_Árabe_Unida	egípcio
E.U.A.	estado-unidense/norte-americano
tripulação	tripulante
Colubridae	Sonora/Nebelia/colubrídeos/Natrix/Coluber
Vespidae	Vespa-cabocla
Todidae	Todus
Abecásia	abecásio/abcaz/abcásio/abcázio/abecázio
Percevejos	Barata_d'água/Barata-d'água/Gerridae/Reduviidae
Hipposideridae	Hipposideros
anseriformes	Anatidae/Anhimidae
mixto	carruagem/vagão
Raphanus	rábano/rabanete
República_da_China	taiwanesa/taiwanês/chinês/chinesa
Abudefduf	Castanheta_das_rochas/Castanheta-das-rochas
livro-caixa	sistemas_de_contabilidade/contabilidade
Polypodiales	Blechnaceae/Dicksoniaceae/Aspleniaceae/Osmundaceae
Índia	hindu/indiano
Haematoxylum	Hematoxylon_campechianum
Armênia	armênios/Arménios
Organização_do_tratado_do_atlântico_norte	Reino_da_Noruega/Grão-Ducado_do_Luxemburgo/Islândia/República_da_Bulgária/Noruega/Bulgaria/Bairros_da_Noruega/República_da_Islândia/Bulgária/Luxemburgo/Espanha/República_Francesa/França/Reino_Unido_da_Grã-Bretanha_e_Irlanda_do_Norte/Reino_Unido/Grã-Bretanha/Reino-Unido/Holando/Países_baixos/Países_Baixos/PaísesBaixos/Holanda/Reino_dos_Países_Baixos/Neerlândia/Canadá/Canada/EEUU/Estados_Unidos_da_América/América/Estados_Unidos/EUA/E.U.A./Turquia/República_da_Turquia/Itália/Italia/República_Italiana/Grécia/Listas_de_Portugal/Portugal/Alemanha/República_Federal_da_Alemanha/Reino_da_Dinamarca/Dinamarca/Bélgica/Poetas_da_Bélgica/Belgica
regimento	batalhão
Proteaceae	Persoonia/Embothrium/Leucadendron/Lambertia/Conospermum/Xylomelum/Knightia/Orites/Stenocarpus/Hakea
Coccinellidae	joaninha/coccinela
Malasia	malaio/Malaios
Ficus	sicômoro
Paridae	Parus/milharós/abelharuco/chapim
Tridacnidae	Tridacna
Reptantia	lagosta/Nephropidae
República_Tcheca	Tcheco/Tcheca
Grossulariaceae	Ribes
maometismo	muçulmano/Muçulmano/Muçulmanos/Islão_sunita
Império_bizantino	bizantino
Rhizophora	Mangue-vermelho/mangue/mangais
Leucanthemum	margarida/Leucanthemum_vulgare
sistemas_sociais	Regimes_políticos
Laniidae	picanço/Lanius
República_da_Lituânia	lituânio/lituânico/lituano
Dioscorea	inhame
Taxus	Teixo/Taxus_cuspidata
Pícea	pícea/espruce/abeto_vermelho
Araceae	Calla/Dracunculus/Scindapsus/Epipremnum/Zantedeschia/Syngonium/Peltandra/Lysichiton/Orontium/Xanthosoma/Aglaonema/Dieffenbachia/Arisaema/Acoraceae/Colocasia/Arisarum
Icterini	Molothrus/Agelaius/Cacicus/Icterus
Nymphaeaceae	Nelumbonaceae/Cabombaceae/Nuphar/Nymphaea/nenúfar
Agaricaceae	Amanita/Pleurotus/Coprinus/Agaricus
Laurel_and_hardy	Oliver_hardy/Oliver_Hardy/Stan_laurel/Stan_Laurel
London	londrino
Universo	nebulosa/galáxia/Via_Láctea
Chrysochloridae	Chrysochloris
corpo_docente	catedrático/professor
Nord	ianque/gringo
coalizão	aliado
Megaloptera	Sialidae
Isatis	pastel
Certhiidae	Certhia
Araliaceae	Meryta/Schefflera
Picea	pícea/espruce/abeto_vermelho
Islame	muçulmano/Muçulmano/Muçulmanos/Islão_sunita
República_da_Islândia	islandês
azul-marinho	frota
Sarracenia	Sarracenia_purpurea
Brassica	couve-de-folhas/mostarda-preta/Mostarda-preta/sinapis/brócolis/couve-nabo/Mostarda-castanha/repolho/colza/nabo/couve
Corylus	avelã
Ulema	Mulá
Arctium	bardana
burguesia	burguês/burguesa
Liliaceae	Melanthiaceae/Asphodeline/Smilacaceae/Veratrum/Colchicaceae/Polygonatum/Hosta/Alstroemeriaceae/Smilax/Camassia/Hyacinthoides/Allium/Ruscaceae/Asphodelaceae/Xerophyllum/Aphyllanthaceae/Lírio/Colchicum/Ornithogalum/Xanthorrhoeaceae/Ruscus/tulipa/Tulipa/Muscari/Bessera/Asphodelus/Liriope/Hyacinthaceae/Zigadenus/Hemerocallidaceae/Aletris/Erythronium/Alliaceae/Calochortus/Fritillaria/Asparagaceae/asfódelo/Bloomeria/Maianthemum/Anthericum
Protista	protista
pessoal	plebeu/elenco
touro	Nebulosa_do_Caranguejo/Nebulosa_do_caranguejo/Plêiades/Plêiades_M45/Aldebarã
Capra	Bode/cabra/bode/cabrito
Chlorophyceae	Chlorococcales/Oedogoniales/Zygnematales/Chlamydomonadales/Ulvales
Durio	durio/durião
Neerlândia	Holandês/holandês/neerlandês
casal	marido/cónjuge/cônjuge/esposo/consorte/colega/homem/esposa
Formicariidae	Hylophylax/Thamnophilidae/Formicarius
República_da_Albânia	albanês/albanés/albanesa
Máli	Maliense
Cedrela	Cedro-cheiroso/Cedro_cheiroso
Linaceae	Linum
Polygonum	trigo_sarraceno
Lamiaceae	Nepeta/Scutellaria/Sideritis/Lavandula/Trichostema/Acinos/Leonurus/Agastache/Ballota/Marrubium/Pycnanthemum/Blephilia/Lamium/Ocimum/Calamintha/Teucrium/Lepechinia/Conradina/Micromeria/Rosmarinus/Hedeoma/Clinopodium/Leonotis/Mentha/Lycopus/Pogostemon/Monardella/Ajuga/Collinsonia/Melissa/Glechoma/Stachys/Dracocephalum
Marsilea	Marsilea_quadrifolia
regime	juizado/Poder_Executivo/poder_executivo/assembléia_legislatíva/legislatura/poder_legislativo/burocracia/administração/divisão/departamento
espécie	Estirpe/variante/raça/estirpe
Echinoidea	ouriço-do-mar
Falconiformes	falconídeos/Falconidae/Accipitridae/Cathartidae/Abutres_do_Novo_Mundo
Papaveraceae	Dendromecon/Corydalis/Macleaya/papoula/papoila/dormideira/Glaucium/Platystemon/Meconopsis/Romneya/Hunnemannia/Chelidonium/Stylomecon/Stylophorum/Papaver
Balaenoptera	baleia-sei/Baleia_comum/baleia-anã/baleia-comum/baleia_azul/baleia-azul/rorqual-azul/grande-rorqual
Boidae	jibóia
Holanda	Holandês/holandês/neerlandês
Acanthuridae	Acanthurus
Apiaceae	Myrrhis/Petroselinum/Foeniculum/Conium/Oenanthe/Sanicula/Eryngium/Carum/Sium/Pimpinella/Daucus/Apium/Anthriscus/Cicuta
figueira	sicômoro
Sauropodomorfos	Prosauropoda/saurópodes/Terópodes/terópoda
equipagem	tripulante
Grupo_de_Bloomsbury	Virginia_Woolf/Virginia_woolf/John_maynard_keynes/John_Maynard_Keynes/Lytton_Strachey/Roger_Fry
Arachis	amendoim
paraquedistas	paraquedista
floresta	árvore
Músicos_de_Israel	israelita/Tribos_de_Israel/Tribos_de_israel
sistema_solar	planeta/Urano/Marte/Netuno/Neptuno/mundo/Terra/globo_terrestre/Júpiter/sol/Sol/Cintura_de_Kuiper/Cintura_de_kuiper/Mercúrio/Plutão/Plutao/planeta_menor/asteroide/asteróide/Vénus/Vênus/Saturno
Mimosoideae	Leucaena/Enterolobium/Prosopis/Pithecellobium/Piptadenia/Adenanthera/Parkia
Clupeidae	Alosa
Irao	Persa/iraniano
Geraniaceae	Erodium/gerânio/Pelargonium
pelecaniformes	Fregatidae/Sulidae/Anhingidae/Rabo-de-palha/Phalacrocoracidae/Rabo_de_palha/Corvo-marinho/Cormorão/sulídeos
Balaenopteridae	Balaenoptera/baleia-jubarte
Zygophyllaceae	Guaiacum/Larrea/Zygophyllum/Tribulus/Bulnesia
ortografia	divisão_da_palavra_no_final_da_linha/colocação_de_hífens/pontuação/Pontuação
Cuaite	kuwaiti
catolicismo	católico
Humulus	lúpulo
Sérvia	sérvios/Sérvios/sérvio
Escocia	escocês
Quercus	carvalho/carvalho-vermelho
República_Democrática_do_Congo	congolês/congolense
Procyon	guaxinim
Cracidae	Penelope
Lituania	lituânio/lituânico/lituano
Belarus	bielorrusso
Peru	peruano
Annonaceae	Annona/Xylopia/Oxandra
Bivalves	Unionidae/Tridacnidae/Vieira/Pectinidae
Império_Bizantino	bizantino
Lacertidae	Lacerta
Cucurbitaceae	Cucumis/Cucurbita/Citrullus/Lagenaria/Momordica
Sapindaceae	Cardiospermum/Sapindus/Dodonaea/Melicoccus/Blighia/Dimocarpus/Nephelium
Israel	israelita/Tribos_de_Israel/Tribos_de_israel/israelense
Equisetaceae	cavalinha
Ovis	argali/cordeiro/carneiro-de-dall/carneiro/muflăo/anho/Muflão/ovinos/ovelha
República_da_Gâmbia	gambiano
Arábia	árabe/Arábico
Bletilla	Bletilla_striata
Aleurites	Nogueira_de_Iguape/Nogueira_de_iguape
Galega	Arruda-caprária
Ateles	Ateles_geoffroyi
Belonidae	Gar/Lepisosteiformes
painho	Oceanites
Equinodermes	pepino-do-mar/Pepino_do_mar/Crinoidea/Ophiuroidea/equinodermo/equinodermos/Echinoidea
Tragelaphus	Bauala/Tragelaphus_eurycerus
universidade	IES/faculdade/instituição_de_ensino_superior/instituto/escola
Citrullus	melancia/melancieira
gastrópodes	Docoglossa/Opisthobranchia/Pulmonata/Strombidae/Neritidae/Buccinidae/Limacidae/Haliotidae
agência_corretora	intermediário/Broker/corretor
Solanaceae	Atropa/Datura/Cyphomandra/Brugmansia/Physalis/Fabiana/Lycopersicon/Brunfelsia/Hyoscyamus/Scopolia/Lycium/Cestrum/Solandra/Solanum
Cistaceae	Cistus/Hudsonia
Procellariidae	Puffinus/Fulmar/Petrel
homens	partida
Malvales	Sterculioideae/Tiliaceae/Sterculiaceae/Elaeocarpaceae/Bombacaceae/Malvaceae
Meropidae	Merops
Artamini	Artamus
ordem	classe/frade/sócio_de_clube/irmão/associado/família
Bassariscus	bassarisco
Letónia	letão
Accipitridae	milhafre/Aquila/Pernis/Milhafre/Milvus/Accipiter/Haliaeetus/Águias/Águia/águia/Circaetus/Buteo/Gavião/acípitre/gavião/Gyps
Fulica	galeirão-americano/galeirão
gangue	Gangster/gângster/bandido/Gângster
teclado	tecla
Leptodactylidae	Eleutherodactylus/Leptodactylus
Classe-média	burguês/burguesa
Maçonaria	maçom/franco-maçom
Lepus	Lebre-comum/lebre-ártica/Lebre_ártica/Lebre_comum/lebrão/lebre
equipe	tripulante
audiências	aluno/auditor/ouvinte
Leycesteria	Leycesteria_formosa
Exército	corpo
cebídeos	Cebus/Alouatta/Aotus/Ateles/Uacari/Titi
Euphorbiaceae	Codiaeum/Acalypha/seringueira/Jatropha/Cnidoscolus/Aleurites/Manihot/Hevea/Euphorbia/Pedilanthus
Procellariiformes	Procellariidae/painho/petrel-mergulhador/Paínho/Hydrobatidae/Petrel_mergulhador/Petrel-mergulhador/Painhos
humanidade	gente/povo/pessoas/população
género	Espécie/espécie/espécies
Aizoaceae	Mesembryanthemum/Pleiospilos/Tetragonia/Carpobrotus
Olea	oliveira
Chrysophyllum	Caimito
dela	javardo/leitão/barrão/javali/porquinho/porco-montês/cachaço/porco/Sus/suíno
Menispermaceae	Menispermum/Cocculus
Oxalidaceae	Averrhoa
Charadriiformes	Ave_limícola/Haematopus/torda
Laridae	Larus
gado	ovinos/vitelo/ovelha/carneiro/vacum/bovinos/gado_bovino/vaca/bezerro/terneiro
Secale	centeio
Danaus	borboleta-monarca
Bryophyta_sensu_lato	briófitas/briófita/Bryopsida
Dilleniidae	Malvales/Ericales/Santalales
Megatério	preguiça-gigante/Preguiça_gigante
NATO	Reino_da_Noruega/Grão-Ducado_do_Luxemburgo/Islândia/República_da_Bulgária/Noruega/Bulgaria/Bairros_da_Noruega/República_da_Islândia/Bulgária/Luxemburgo/Espanha/República_Francesa/França/Reino_Unido_da_Grã-Bretanha_e_Irlanda_do_Norte/Reino_Unido/Grã-Bretanha/Reino-Unido/Holando/Países_baixos/Países_Baixos/PaísesBaixos/Holanda/Reino_dos_Países_Baixos/Neerlândia/Canadá/Canada/EEUU/Estados_Unidos_da_América/América/Estados_Unidos/EUA/E.U.A./Turquia/República_da_Turquia/Itália/Italia/República_Italiana/Grécia/Listas_de_Portugal/Portugal/Alemanha/República_Federal_da_Alemanha/Reino_da_Dinamarca/Dinamarca/Bélgica/Poetas_da_Bélgica/Belgica
Myrtaceae	Eugenia/Syzygium/Myrcia/Psidium/Murta-comum/Murta_comum/Pimenta
Buxus	buxo
Aristolochiales	Rafflesiaceae/Aristolochiaceae/Hydnoraceae
baby_boom	baby_boomer
Bryophyta	briófitas/briófita/Bryopsida
Tília	tília/til
Emberizidae	Emberiza/Passerina
Benelux	Luxemburgo/Grão-Ducado_do_Luxemburgo/Holando/Países_baixos/Países_Baixos/PaísesBaixos/Holanda/Reino_dos_Países_Baixos/Neerlândia/Bélgica/Poetas_da_Bélgica/Belgica
Cucurbita	abóbora/Cabaceiro-amargoso
Bombax	paineira-vermelha-da-índia
Lapônia	lapônio/lapão
coven	bruxo/bruxa
Noruega	norueguês/Norueguês/norueguesa
Bulgária	búlgaro
frota	ônibus/navio_de_guerra/aeronaves/navio/embarcação/navios/barco/machimbombo/microlete/otocarro/autocarro/toca-toca/táxi/Taxi/Navio_de_guerra/Navios_de_guerra/avião/aeronave/aeroplano
Somalia	somali
Liga_árabe	Mauritânia/Mauritania/Arábia_Saudita/Emiratos_Árabes_Unidos/Emirados_Árabes_Unidos/Argelia/Algéria/Argélia/Iêmen/Iémen/Iemen/Sudão/Sudao/Jordânia/Jordania/Kuwait/Coveite/Cuaite/Estado_do_Kuwait/República_Árabe_do_Egipto/República_Árabe_Unida/Egipto/Egito/República_árabe_unida/República_Árabe_do_Egito/Iraque/República_do_Iraque/Estado_da_Líbia/Líbia/Barém/Bareine/Bahrein/Bahrain/Somalia/Somália/Libano/República_do_Líbano/Líbano/Tunisia/Tunísia/Jibuti/Djibuti/República_de_Djibuti/Djibouti/Qatar/Catar/Marrocos/Sultanato_do_Omã/Omã/Oman/Síria/Siria/República_Árabe_Síria
Países_baixos	Holandês/holandês/neerlandês
Ordem_dos_pregadores	Religiosos_da_Ordem_dos_Dominicanos
Thraupini	Piranga
Salmo	truta/Salmo_trutta/Truta_arco-íris/Truta_arco_íris/Truta_arco-irís/Truta-arco-íris
Centaurus	Beta_Centauri/Próxima_Centauri/Omega_Centauri/Alfa_centauri/Alfa_Centauri
Bufonidae	sapo
Ophiuroidea	Ophiurida
Thymelaeaceae	Dirca
Dasypus	tatu-veado/tatu-de-folha/tatuetê/tatu-verdadeiro/tatu-galinha
Tytonidae	Tyto
submundo	Crime_organizado/crime_organizado
Simaroubaceae	Picrasma/Kirkia/Irvingia
Aconitum	acônito
quaker	quacre/quaqueiro/quáquer
Podargidae	Podargus
Rana	Rana_pipiens/Conraua_goliath/Rana_catesbeiana/rã-touro-americana/Rana_clamitans
Monotropaceae	Monotropa
cavalos	potro
irmandade	frade/irmão
Elettaria	cardamomo
Corpo_de_Fuzileiros_Navais_dos_Estados_Unidos_da_América	Fuzileiros_Navais/Fuzileiros_navais
crux	Acrux/Becrux
eslavos	eslavo
Génova	genovez
Lemuroidea	Lorisidae/Indridae/Lemuridae/lémure/lêmure
Phlebotomus	mosquito_pólvora
Pimpinella	anis
Galliformes	Phasianidae/galináceo/Cracidae
Constelação_de_Virgo	Spica
Eslovénia	eslovena/esloveno
aranha	tarântula/Theraphosidae/Aranha-lobo/Lycosidae
placentários	Primatas/primatas/Proboscídeos/Proboscidea/Lagomorfos/lagomorfos/cetáceos/Cetáceos/carnívoros/Carnívoros/Carnivora/fissípedes/Insectívoros/mamífero/Sirenia
Nova_Zelândia	neozelandês
ulemá	Mulá
Saara	tuaregues
Dipsacus	carda
Menyanthaceae	Menyanthes
Dipodidae	Jaculus
Clethraceae	Clethra
Ortografia	divisão_da_palavra_no_final_da_linha/colocação_de_hífens/pontuação/Pontuação
Lathyrus	ervilha-de-cheiro
Phytophthora	Phytophthora_infestans
Quênia	queniano
Urticales	Moraceae/Urticaceae/Ulmaceae
Ursus	urso-pardo
Afeganistão	afegão
Anoplura	piolho/sem-vergonha
Molossidae	Eumops/Tadarida
Organização_dos_Estados_Americanos	Costa_Rica/Uruguai/Chile/O_Chile/Sao_Vicente_e_Granadinas/São_Vicente_e_Granadinas/Jamaica/MEXICO/México/Estados_Unidos_Mexicanos/Mexico/Paraguai/Guatemala/República_da_Guatemala/República_do_Haiti/Haití/Haiti/Santa_Lúcia/República_das_Honduras/Honduras/Barbados/São_Cristóvão_e_Nevis/Saint_Kitts_e_Nevis/São_Cristóvão_e_Neves/Domínica/Dominica/Domingos/Comunidade_da_Dominica/Baamas/Bahamas/Venezuela/Colômbia/Colombia/Colómbia/Granada/República_Dominicana/Panamá/Suriname/Cuba/Trinidad_e_tobago/Trinidad_e_Tobago/Trindade_e_Tobago/EEUU/Estados_Unidos_da_América/América/Estados_Unidos/EUA/E.U.A./Antígua_e_Barbuda/Equador/República_do_Equador/Bolívia/Bolivia/El_Salvador/Salvador/El_salvador/Argentina/Brasil/República_Federativa_do_Brasil/República_do_Peru/Peru
tribo	nahuatl/parente/olmecas/Olmecas
Indonesia	indonésio
Labridae	Thalassoma
Aquifoliaceae	Ilex
Raposas	raposa
Tatu-bola	Tatu-bola-da-caatinga
Quenia	queniano
Bélgica	belga
O_Chile	chileno
Paris	parisiense
Organização_dos_estados_americanos	Costa_Rica/Uruguai/Chile/O_Chile/Sao_Vicente_e_Granadinas/São_Vicente_e_Granadinas/Jamaica/MEXICO/México/Estados_Unidos_Mexicanos/Mexico/Paraguai/Guatemala/República_da_Guatemala/República_do_Haiti/Haití/Haiti/Santa_Lúcia/República_das_Honduras/Honduras/Barbados/São_Cristóvão_e_Nevis/Saint_Kitts_e_Nevis/São_Cristóvão_e_Neves/Domínica/Dominica/Domingos/Comunidade_da_Dominica/Baamas/Bahamas/Venezuela/Colômbia/Colombia/Colómbia/Granada/República_Dominicana/Panamá/Suriname/Cuba/Trinidad_e_tobago/Trinidad_e_Tobago/Trindade_e_Tobago/EEUU/Estados_Unidos_da_América/América/Estados_Unidos/EUA/E.U.A./Antígua_e_Barbuda/Equador/República_do_Equador/Bolívia/Bolivia/El_Salvador/Salvador/El_salvador/Argentina/Brasil/República_Federativa_do_Brasil/República_do_Peru/Peru
Caeciliidae	gimnofiono/Gymnophiona
Cárica	Mamão
Aristolochiaceae	Aristolochia/Asarum
sororidade	irmã/soror
Sri_Lanka	cingalês
Constelação_de_Perseus	Beta_Persei/Beta_persei
Lardizabalaceae	Lardizabala
Phytolaccaceae	Rivina
Lepisma	Lepisma_saccharina
Ericales	Clethraceae/Diapensiaceae/Pyrolaceae/Monotropaceae
Arecaceae	Acrocomia/Ceroxylon/Attalea/Metroxylon/palma/Arenga/Rhapis/Corypha/Caryota/Livistona/Borassus/Thrinax/Palha_da_costa/fênix/Serenoa_repens/Sabal/Roystonea/Copernicia/fénix/Palha-da-costa/palmeira
Aotus	Aotus_trivirgatus
Saccharomyces	Saccharomyces_cerevisiae
Magnoliopsida	Aristolochiales/Proteales/Sapindales/Caryophyllidae/Magnoliidae/Dicotiledônea/Dicotiledonea/dicotiledónea/Primulales/Polygonales/Asteridae/Juglandales/Ebenales/Gentianales/Urticales/Dilleniidae/Rosidae/Rhamnales/Piperales
Ilhas_Samoa	samoano
Austrália	australiano
Botswana	hererós/Hereros
Gâmbia	gambiano
Abutres_do_Novo_Mundo	Cathartes
Pipistrellus	Morcego-anão/Pipistrellus_pipistrellus
Rutaceae	Zanthoxylum/Phellodendron/Dictamnus
República_do_Iraque	iraquiano
estudos_urbanos	delimitação_de_zonas
Ulmeiro	ulmo/olmo/ulmeiro
Betulaceae	Corylus/Ostryopsis/Ostrya/Carpinus/Alnus/bétula
Sião	tailandês
Pipidae	Xenopus
tribunal	júri/Júri
Tcheco-Eslováquia	tchecoslovaco/checoslovaco
Melia	Amargoseira
Emberizini	Emberiza/Passerina
Burseraceae	Boswellia/Commiphora/Bursera/Protium
boda	dama_de_honor/dama_de_honra/noiva/noivo/namorado
Eslovênia	eslovena/esloveno
Corvidae	Pica
Santalum	sândalo
Celastraceae	Euonymus/Celastrus
lama	alpaca/Guanaco/guanaco
Finlândia	finlandês
Orquidea	Sarcochilus/Malaxis/Gymnadenia/orquídea/Cephalanthera/Encyclia/Coryanthes/Goodyera/Phragmipedium/Brassia/Epidendrum/Corallorrhiza/Hexalectris/Cypripedium/Aplectrum/Psychopsis/Epipactis/Glossodia/Dryadella/Angraecum/Miltonia/Scaphosepalum/Calopogon/Habenaria/Spiranthes/Ophrys/Himantoglossum/Bletilla/Anoectochilus/Grammatophyllum/Listera/Schomburgkia/Cleistes/Phalaenopsis/Pterostylis/Selenipedium/Platanthera/Paphiopedilum/Cycnoches/Catasetum/Pleione/Dactylorhiza
mustelídeos	Lutrinae/cangambá/Conepatus
forças_navais	frota
Painhos	Oceanites
Ceilão	cingalês
gênero	Espécie/espécie/espécies
Suécia	sueca/sueco
filovírus	Vírus_de_Marburg
Pirambeba	piranha
Ivy_League	Universidade_Harvard/Universidade_Colúmbia/Universidade_da_Pensilvânia/Universidade_cornell/Universidade_de_Princeton/Universidade_columbia/Universidade_harvard/Universidade_Cornell/Universidade_Columbia/Universidade_Brown/Faculdade_de_dartmouth/Faculdade_de_Dartmouth/Universidade_yale/Universidade_Yale
Podocarpaceae	Microstrobos/Lepidothamnus/Dacrydium/Falcatifolium/Prumnopitys/Retrophyllum/Sundacarpus/Dacrycarpus/Parasitaxus_ustus/Podocarpus/Nageia/Halocarpus/Afrocarpus
vacum	vitelo/bezerro/terneiro
Bérberis	bérberis/uva-espim
Cosa_nostra	mafioso
Cypriniformes	Cobitidae/Cyprinidae/Catostomidae/Sugador/Poeciliidae/Cyprinodontidae/Characidae
Dipsacaceae	Dipsacus
Java	Javan/jau/javanês
Primulaceae	Lysimachia/Samolus/Anagallis/Glaux
seu	javardo/leitão/barrão/javali/porquinho/porco-montês/cachaço/porco/Sus/suíno
Fringillidae	Pyrrhula/Fringilla/Loxia/Emberizini/Emberizidae/tentilhão/Serinus/Spinuş/Carduelis/Carpodacus
Escala_musical	nota/tom
Budismo	Budistas/budista
clube	sócio_de_clube
Castoridae	Rodízio/castor/Castor_gigante/castor-gigante
ImpérioBizantino	bizantino
Roma	Cidadania_Romana/Antigos_Romanos/cidadania_romana
Pennisetum	Mexoeira
Mandrillus	Mandril
Alosa	sável
Suidae	dela/seu/świnia/porco/suíno
Momordica	Melão_de_São_Caetano/Melão-de-são-caetano
Flamboyant	Delonix_regia
