seu	javardo/javali/porco-montês/cachaço/barrão/porquinho/leitão/sus/suíno/porco
governo	oficiais_do_governo/administração/burocracia/departamento/divisão/juizado/poder_executivo/poder_executivo/assembléia_legislativa/legislatura/poder_legislativo
rio	carioca
comissão	comissário
brasil	brasileiro/brasileira
país	província/estado/departamento
público	auditor/ouvinte/aluno
empresa	departamento/divisão
regime	oficiais_do_governo/administração/burocracia/departamento/divisão/juizado/poder_executivo/poder_executivo/assembléia_legislativa/legislatura/poder_legislativo
grupo	livro
escola	professor_de_escola/mestre/professor/corpo_docente/escola/ies/instituto/faculdade/instituição_de_ensino_superior/universidade
congresso	câmara_dos_representantes_dos_estados_unidos_da_américa/senado_dos_estados_unidos/senado_dos_estados_unidos_da_américa/senado_dos_estados_unidos
criação	galáxia/nebulosa/via_láctea
conselho	diretor/director
instituto	escola/ies/instituto/faculdade/instituição_de_ensino_superior/universidade
faculdade	escola/ies/instituto/faculdade/instituição_de_ensino_superior/universidade
lei	oficial_de_polícia/agente/polícia/guarda/policial
administração	comite_planejador/diretoria/conselho_de_administração
tribunal	júri/júri
aliança	aliado
organização	associado/associação/comite_planejador/quorum/quórum
união	associado
exército	militar/caixilho/corpo/corpo/corpo/corpo
universidade	instituto/escola/faculdade
colégio	professor_de_escola/mestre/professor/corpo_docente
associação	associado
coligação	aliado
companhia	elenco/pelotão
ordem	sócio_de_clube/frade/irmão/associado/classe/família
branco	branco/caucasiano
família	irmão/irmã/genitor/mãe/pai/progenitor/parente/criança/menino/filho/gênero/género/gênero/tribo/rhabdovírus/rhabdovirus/arenavirus/arenavírus/flavivírus/flaviviridae/bunyaviridae
carvalho	carvalho-vermelho/carvalho
classe	gênero/género/gênero/tribo/ordem/rhabdovírus/rhabdovirus/arenavirus/arenavírus/flavivírus/flaviviridae/bunyaviridae
sociedade	sócio_de_clube/associado/estrutura_social/sistema_social/sistemas_sociais
aranha	lycosidae/aranha-lobo/tarântula/theraphosidae/aranha
mercado	mercado_de_ações/bolsa/bolsa_de_valores/mercado_da_bolsa
pessoal	plebeu/elenco/indivíduo/pessoa/alguém/ser_humano/alma
povo	plebeu/cidadão/cidadã/súdito/cidadão/espectador/audiência/pessoal/população/povo/gente/indivíduo/pessoa/alguém/ser_humano/alma
terra	província/estado/departamento
polícia	oficial_de_polícia/agente/polícia/guarda/policial
natal	zulu
norte	nortista/gringo/ianque
clube	sócio_de_clube
marinha	frota
salvador	salvadoriano/salvadorenho
homem	pessoal/população/povo/gente
comitê	diretor/director/comissário
américa	estado-unidense/norte-americano
série	número
população	cidadão/cidadã/indivíduo/pessoa/alguém/ser_humano/alma
academia	acadêmico
pinheiro	pinheiro
batalhão	companhia/batalhão
compromisso	ficante/acompanhante
nação	plebeu/súdito/cidadão/província/estado/departamento
onu	tribunal_internacional_de_justiça/tribunal_internacional_de_justiça/secretariado_das_nações_unidas/secretariado_das_nações_unidas/assembléia_geral/assembleia_geral
alemanha	alemã/alemão
eua	estado-unidense/norte-americano
corpo	milícia/tropas/exército/forças_armadas/divisão
argentina	argentino
vieira	vieira
regimento	batalhão
junta	diretor/director/comissário
frança	francesa/francês/basco
itália	sabinos/italiano/ítalo
paris	parisiense
mundo	galáxia/nebulosa/via_láctea/espectador/audiência/pessoal/população/povo/gente
jogo	livro
equipe	tripulante/copiloto
nogueira	nogueira/nogueira-comum
uruguai	uruguaia/uruguaio
corte	júri/júri
legião	legionário
paraguai	paraguaio
chile	chileno
londres	londrino
falcão	falcão/falcão_americano/falcão-americano/tarrafa/falcão/peneireiro-vulgar/gerifalte/falcão_gerifalte/falcão_peregrino
portugal	lusitano/português/luso
méxico	mexicano/mexicano/mexicana
roma	romano
inglaterra	inglesa/inglês/inglês
bolívia	boliviano
frota	navio_de_guerra/navios_de_guerra/navio_de_guerra/navios/embarcação/navio/barco/taxi/táxi/autocarro/ônibus/aeroplano/aeronave/avião
cavalaria	companhia
eleitorado	votante/eleitor/voto/votantes/constituintes/eleitores
cuba	cubano/cubano
israel	israelense/tribos_de_israel/israelita/tribos_de_israel
armada	frota
oea	venezuela/uruguai/eeuu/eua/estados_unidos_da_américa/américa/estados_unidos/e.u.a./suriname/são_vicente_e_granadinas/sao_vicente_e_granadinas/santa_lúcia/saint_kitts_e_nevis/são_cristóvão_e_nevis/são_cristóvão_e_neves/república_do_peru/peru/paraguai/granada/república_federativa_do_brasil/brasil/bolívia/baamas/bahamas/república_do_equador/equador/domingos/domínica/dominica/comunidade_da_dominica/trinidad_e_tobago/trindade_e_tobago/trinidad_e_tobago/barbados/jamaica/república_dominicana/haiti/república_do_haiti/cuba/méxico/estados_unidos_mexicanos/panamá/salvador/el_salvador/el_salvador/república_das_honduras/honduras/guatemala/república_da_guatemala/costa_rica/colômbia/colombia/colómbia/república_do_chile/chile/argentina/antígua_e_barbuda/reino_das_ilhas_de_antígua_e_barbuda
peru	peruano
china	chinês/chinesa
casamento	esposa/esposo/marido/cônjuge/cónjuge/consorte/namorado/noivo/dama_de_honor/dama_de_honra/noiva
venezuela	venezuelano
japão	japonês
inimigo	inimigo
mata	árvore
colômbia	colombiano
londrina	londrino
espanha	espanhola/espanhol/basco
holanda	holandês/neerlandês
cafeeiro	árvore_de_café/café
espécie	estirpe/cepa/variante/estirpe/cepa/variante/raça/estirpe/raça/estirpe
gênero	espécie/espécie/espécies/espécie/espécie/espécies
bélgica	belga
canadá	canadense/canadense/canadiano
morto	falecido/morte
leão	regulus
casal	esposa/esposo/marido/cônjuge/cónjuge/consorte
palmeira	thrinax/serenoa_repens/sabal/roystonea/rhapis/palha_da_costa/palha-da-costa/fénix/fênix/metroxylon/livistona/corypha/copernicia/ceroxylon/caryota/borassus/attalea/arenga/acrocomia/palma/palmeira
quadrilha	marginal/gangster/gângster/bandido
humanidade	pessoal/população/povo/gente
coalizão	aliado
mão-de-obra	time/equipe/partida
floresta	árvore
burguesia	burguesa/burguês
clero	sacerdote/pastor/pároco/clérigo
máfia	mafioso
reino	filo/filo
gado	ovelha/carneiro/ovinos/vacas/bovinos/gado_bovino/gado/terneiro/bezerro/vitelo
urbanismo	delimitação_de_zonas
panamá	panamenho
júri	jurado/júri/juror/jurado/júri/juror
equador	equatoriano
proletariado	colarinho_azul/proletário/operário/trabalhador
gente	plebeu/cidadão/cidadã/súdito/cidadão/espectador/audiência/indivíduo/pessoa/alguém/ser_humano/alma
áustria	austríaco
paróquia	paroquiano
índia	hindu/indiano
suécia	sueco/sueca
polônia	polonês/polaco
tabela	bicha/coluna/linha
tchecoslováquia	tchecoslovaco/checoslovaco
rússia	russo/república_de_komi
egito	egípcio
hungria	húngara/húngaro
burocracia	serviço_público
irã	iraniano/persa
universo	galáxia/nebulosa/via_láctea
malta	maltês
cavalo	potro
iugoslávia	iugoslavo
catolicismo	católico
iraque	iraquiano
guatemala	guatemalteco/guatemalense
turquia	turco
dinamarca	dinamarquês/danês
elenco	elenco
grécia	grego/grego/heleno
argélia	algeriano/argelino
lyra	vega
angola	hereros/hererós/angolense/angolano
nicarágua	nicaraguense
moçambique	moçambiquense/moçambicano
austrália	australiano
nápoles	napolitana/napolitano/napolitano
concílio	membro_do_conselho/vereador
nigéria	nigeriano
figueira	sicômoro/figueira
romênia	romena/romeno
formosa	taiwanês/taiwanesa/chinês/chinesa
trem	locomotivas/máquina/locomotiva/trem/vagão/vagões/automotora/carro/comboio/automóvel
atenas	platão/platao/ateniense
vietnã	vietnamita
oxford	oxfordiano
líbano	libanês
castor	castor
noruega	norueguesa/norueguês
grã-bretanha	britânico/bretão
biologia	cobertura_vegetal/flora/vegetação/zoologia/fauna
senegal	senegalês
finlândia	finlandês
cristianismo	cristão/cristãos/cristão/cristã
coro	coralista
bulgária	búlgaro
comboio	locomotivas/máquina/locomotiva/trem/vagão/vagões/automotora/carro/comboio/automóvel
albânia	albanés/albanesa/albanês
tripulação	tripulante/copiloto/equipe/tripulação/equipagem
rodízio	castor
luxemburgo	luxemburguês
lama	alpaca/guanaco/guanaco
marrocos	marroquino
london	londrino
agregado	nécton/plancton/plâncton
indonésia	indonésio
tribo	parente/olmecas/olmecas/nahuatl
rebanho	ovelha/carneiro/ovinos/ovelha/carneiro/ovinos/vacas/bovinos/gado_bovino/gado
tailândia	siamês/tailandês
fraternidade	frade/irmão
conjugação	verbo
juizado	júri/júri
veneza	veneziano/vêneto
paquistão	paquistanês
maçonaria	maçom/franco-maçom/maçom/franco-maçom
etiópia	etíope
aristocracia	patrício/aristocrata
ucrânia	ucraniano
mônaco	monagasco
irlanda	irlandês/irlandês
feminismo	feminista
escócia	escocês
cingapura	singapurense/singapuriano
tunísia	tunesiano
servia	sérvios/sérvios/sérvio
passer	pardal
filipinas	filipino
namíbia	hereros/hererós
gênova	genovez
arábia	árabe
papagaio	psittacula/loriinae/agapornis/cacatua/amazona
nobreza	par/lady/patrício/aristocrata/patrício/aristocrata
italia	sabinos/italiano/ítalo
irmandade	frade/irmão
autoridades	oficiais_do_governo/administração/burocracia/departamento/divisão/juizado/poder_executivo/poder_executivo/assembléia_legislativa/legislatura/poder_legislativo
agregação	nécton/plancton/plâncton
otan	eeuu/eua/estados_unidos_da_américa/américa/estados_unidos/e.u.a./turquia/república_da_turquia/espanha/listas_de_portugal/portugal/grão-ducado_do_luxemburgo/luxemburgo/república_da_islândia/islândia/reino_dos_países_baixos/holanda/holando/países_baixos/neerlândia/frança/república_francesa/reino-unido/grã-bretanha/reino_unido_da_grã-bretanha_e_irlanda_do_norte/reino_unido/bélgica/canadá/canada/itália/república_italiana/italia/grécia/república_federal_da_alemanha/alemanha/reino_da_noruega/noruega/bairros_da_noruega/reino_da_dinamarca/dinamarca/bulgária/república_da_bulgária/bulgaria
homens	time/equipe/partida
dublin	dublinense/dublinenses
clã	parente
algodoeiro	algodão
togo	togolense
taiwan	taiwanês/taiwanesa/chinês/chinesa
ortografia	divisão_da_palavra_no_final_da_linha/colocação_de_hífens/divisão_da_palavra_no_final_da_linha/colocação_de_hífens/pontuação/pontuação/pontuação/pontuação
malásia	malaio
lírio	lilium_auratum/açucena/lírio
virgem	spica
geórgia	georgiano
zimbábue	zimbabuense/zimbabuano
sapo	sapo/sapo
quênia	queniano
prússia	prussiano
laico	leigo/laico
kuwait	kuwaiti
jordânia	jordaniano
jamaica	jamaicano
comité	diretor/director/comissário
chipre	cipriota/chipriano
cei	uzbequistão/uzbekistan/uzbequistao/usbequistão/turquemenistão/turcomenistão/tajiquistão/tadjiquistão/quirguistão/quirguiz/quirguizistão/quirguistao/casaquistão/cazaquistao/república_do_cazaquistão/cazaquistão/geórgia/azerbeijão/azerbaijão/república_da_armênia/armênia/arménia/república_da_arménia/ucrânia/ucrania/ucránia/república_da_moldávia/moldávia/belarus/bielorrussia/bielorrússia/federação_russa/rússia
afeganistão	afegão
uganda	ugandense
paraquedista	paraquedista
papado	pontífice/papa
nuvem	hemípteros/inseto/insetos/insecto/insectos
gibraltar	gilbratariano
constelação	estrela/asterismo
bovinos	terneiro/bezerro/vitelo
barém	bareinita
vulgo	plebeu
ue	espanha/listas_de_portugal/portugal/grão-ducado_do_luxemburgo/luxemburgo/reino_dos_países_baixos/holanda/holando/países_baixos/neerlândia/frança/república_francesa/irlanda/reino-unido/grã-bretanha/reino_unido_da_grã-bretanha_e_irlanda_do_norte/reino_unido/bélgica/áustria/itália/república_italiana/italia/grécia/república_da_finlândia/finlândia/república_federal_da_alemanha/alemanha/suecia/suécia/reino_da_dinamarca/dinamarca
sobrenatural	ser_sobrenatural/espirito
oculto	ser_sobrenatural/espirito
mali	maliense
eslovênia	esloveno/esloveno/eslovena
equipagem	tripulante/copiloto
coruja	tytonidae/strigidae/corujão/coruja/estrige/strigiformes/mocho/bufo/corujas
arquipélago	ilha
sócios	sócio/parceiro
pica-pau	melanerpes/campephilus/colaptes/picus/pica-pau/fuinho
omã	omanense
núbia	núbio
lituânia	lituânio/lituânico/lituano
leo	regulus
iêmen	iemenita
gangue	marginal/gangster/gângster/bandido
eslováquia	eslovaco
cosmo	galáxia/nebulosa/via_láctea
canada	canadense/canadense/canadiano
bosque	árvore
bangladesh	bangladeshi
bahrein	bareinita
alfabeto	letra/caractér/carácter/caracter
aedes	aedes_albopictus/aedes_(stegomyia)_aegypti/aedes_(stegomyia)_aegypti/aëdes_aegypti/aedes_aegypti
teclado	tecla
sérvia	sérvios/sérvios/sérvio
somália	somali
sião	siamês/tailandês
sicília	siciliano
sibéria	siberiano
samoa	samoano
pérsia	iraniano/persa
opep	venezuela/emirados_árabes_unidos/emiratos_árabes_unidos/arábia_saudita/catar/qatar/líbia/estado_da_líbia/estado_do_kuwait/coveite/kuwait/cuaite/iraque/república_do_iraque/irão/república_islâmica_do_irão/irao/irã/pérsia/indonésia/indonesia/república_da_indonésia/índia/india/república_da_índia/república_árabe_do_egito/egito/república_árabe_unida/egipto/república_árabe_do_egipto/algéria/argélia/argelia
mitologia	mito/lenda/mito/lenda
laus	laosiano
java	jau/javanês/javan
islândia	islandês
familia	parente
eugenia	pitanga/ginja/amarena
escandinávia	escandinavo/suecia/suécia/reino_da_noruega/noruega/bairros_da_noruega/reino_da_dinamarca/dinamarca
croácia	croatas/croata
creta	cretense
búfalo	búfalo-asiático
boda	namorado/noivo/dama_de_honor/dama_de_honra/noiva
birmânia	birmanês
barbados	barbadiano
andorinha	delichon/hirundo
amaranto	amaranto/amaranto
aglomeração	nécton/plancton/plâncton
abissínia	etíope
árabia	árabe
zâmbia	zambiano/zâmbio
tília	til/tília
tróia	troiana/troiano
submundo	crime_organizado/crime_organizado
suazilândia	suázis
seguidores	amante
saara	tuaregues
ruanda	ruandês/tutsis/tútsis/hutus/hútus
rodésia	zimbabuense/zimbabuano
pirilampo	vaga-lume/pirilampo
pinus	pinheiro
picapau	melanerpes/campephilus/colaptes/picus/pica-pau/fuinho
percevejo	reduviidae/gerridae/barata_d'água/barata-d'água
pardal	pardal
normandia	normando
nepal	xerpas/nepali
nebulosa	estrela
maldivas	maldivo
liechtenstein	de_liechtenstei
león	regulus
letônia	letão
laos	laosiano
india	hindu/indiano
grei	ovelha/carneiro/ovinos/vacas/bovinos/gado_bovino/gado
gemini	pólux/castor
galáxia	estrela
felino	acinonyx/panthera/grande_felino/gato/felis/felino/felídeos
dentição	dentes/dente
dentadura	dentes/dente
construtivismo	construtivista/construtivista
camboja	khmer
budismo	budistas/budista
brancos	branco/caucasiano
botsuana	hereros/hererós
bos	bos_javanicus/iaque/auroque/zebu/zebu/brâman/boi/vacas/bovinos/gado_bovino/gado/boi/bovinos
beta	beterraba
benelux	grão-ducado_do_luxemburgo/luxemburgo/grão-ducado_do_luxemburgo/luxemburgo/reino_dos_países_baixos/holanda/holando/países_baixos/neerlândia/reino_dos_países_baixos/holanda/holando/países_baixos/neerlândia/bélgica/bélgica
belarus	bielorrusso
bahrain	bareinita
aves	procellariiformes/pelecaniformes/pelecaniformes/podicipedidae/charadriiformes/gruiformes/ciconiiformes/anseriformes/anseriformes/trogoniformes/piciformes/caprimulgiformes/caprimulgiformes/apodiformes/coraciiformes/cuculiformes/columbiformes/galliformes/strigiformes/coruja/falconiformes/pássaro/ave
asean	vietname/vietnã/reino_da_tailândia/sião/tailândia/singapura/cingapura/filipinas/malásia/malasia/laus/república_popular_democrática_lao/lao/república_democrática_popular_de_lao/laos/república_popular_democrática/indonésia/indonesia/república_da_indonésia/brunei/reino_do_camboja/camboja/miamar/miãmar/mianmá/mianmar/birmânia/república_da_união_de_myanmar/myanmar
armênia	armênio
aquila	altair/águia-rapace/águia_real/águia-real
antígua	antiguano
aix	pato-carolino