presidente	vigdís_finnbogadóttir/vigdís_finnbogadóttir
dia	dia_d
estado	abecásia/cabodaboaesperança/cabo/transvaal/estado_livre/estado_livre/província_do_estado_livre/bornéu/bengala_ocidental/bengala_ocidental/orissa/uttar_pradesh/uttar_pradesh/tâmil_nadu/tamil_nadu/tamil_nadu/gujarat/guzerate/goa/bihar/andhra_pradesh/andhra_pradesh/manipur/karnataka/assam/tirol/bósnia/kosovo/baviera/baixa_saxônia/baixa_saxônia/baixa_saxónia/tabasco/quintana_roo/quintana_roo/coahuila_de_zaragoza/coahuila_de_zaragoza/chihuahua/campeche/iucatã/mongólia_interior/mongólia_interior/xinjiang/yunnan/sichuan/hunan/hebei/gansu/guangdong
rio	rio_das_pérolas/rio_das_pérolas/rio_zambeze/zambeze/rio_zambeze/rio_yukon/rio_yukon/rio_ienissei/rio_ienissei/rio_yellowstone/rio_azul/yang-tsé/rio_yangtzé/rio_azul/rio_yalu/rio_weser/rio_weser/rio_wabash/volga/rio_volga/rio_volga/rio_vístula/rio_vístula/vístula/rio_uruguai/rio_uruguai/rio_tyne/rio_tyne/rio_trent/rio_tombigbee/rio_tocantins/rio_tocantins/tigre/rio_tigre/tibre/tâmisa/rio_tâmisa/tennessee/rio_tennessee/rio_tennessee/rio_tejo/tejo/rio_susquehanna/rio_susquehanna/suriname/estige/rio_snake/rio_shenandoah/rio_chari/rio_chari/rio_severn/rio_sena/sena/rio_escalda/escalda/rio_saône/rio_saône/rio_são_francisco/rio_san_joaquin/rio_sambre/rio_sambre/rio_são_lourenço/rio_saint_john/rio_saint_john/rio_sacramento/rio_sabine/rio_saale/rio_ruhr/rio_ruhr/rio_bravo/rio_grande/rio_ródano/rio_ródano/ródano/rio_reno/rio_reno/reno/rio_purus/rio_purus/rio_potomac/rio_potomac/rio_pó/rio_platte/rio_pecos/parnaíba/rio_paraná/paraná/rio_paraná/rio_paraná/otava/outaouais/orinoco/rio_orinoco/rio_orinoco/rio_orange/rio_ohio/rio_ohio/ohio/rio_oder/rio_oder/rio_ob/rio_ob/rio_nilo/rio_nilo/nilo/rio_níger/níger/rio_níger/rio_niágara/rio_niágara/rio_niagara/rio_neva/rio_neva/rio_neckar/rio_neckar/murrumbidgee/rio_murray/rio_mobile/rio_missouri/rio_missouri/rio_mississípi/rio_mississipi/rio_milk/rio_mosa/mosa/meuse/rio_mosa/rio_mekong/rio_mekong/rio_magdalena/rio_madeira/madeira/rio_madeira/rio_mackenzie/rio_mackenzie/rio_loire/loire/rio_loire/rio_lena/rio_lena/rio_kura/rio_kura/rio_klamath/rio_cassai/kansas/rio_kanawha/rio_jordão/jordão/rio_james/rio_james/rio_james/isère/rio_irtich/rio_irauádi/rio_ayeyarwady/rio_ayeyarwady/rio_indo/rio_indigirka/rio_issel/rio_hudson/rio_hudson/rio_amarelo/rio_amarelo/amarelo/rio_gila/rio_garona/rio_garona/garona/rio_ganges/ganges/rio_ganges/eufrates/rio_eufrates/rio_eufrates/rio_elizabeth/rio_elba/ebro/rio_ebro/rio_ebro/rio_don/rio_dniepre/rio_dniepre/rio_delaware/rio_delaware/delaware/rio_darling/rio_danúbio/rio_danúbio/danúbio/rio_cumberland/rio_congo/congo/rio_columbia/rio_colúmbia/rio_colorado/colorado/colorado/cócito/rio_canadian/rio_brazos/rio_bramaputra/rio_arno/rio_arno/arcansas/rio_arkansas/rio_argun/rio_araguaia/rio_araguaia/angara/rio_angara/rio_amur/rio_amur/amur/rio_amazonas/amazonas/rio_allegheny/alabama/rio_alabama/alabama/rio_adige/rio_adige/rio_ádige/aqueronte/rio_aar/rio_aar
político	robert_peel/mohammed_omar/joseph_mccarthy/joseph_mccarthy/andré_maginot/glenda_jackson/jesse_jackson/jesse_jackson/sam_houston/sam_houston/stephen_a._douglas/davy_crockett/davy_crockett/dewitt_clinton/henry_clay/joe_clark/joe_clark/salmon_p._chase/salmon_p._chase/aaron_burr/william_jennings_bryan/william_jennings_bryan/alben_william_barkley
país	tamil_eelam/tamil_eelam
militar	t._e._lawrence/t._e._lawrence/césar_bórgia/césar_bórgia/cesar_bórgia/ethan_allen/ethan_allen
república	república_romana/república_romana/tamil_eelam/tamil_eelam
general	gueorgui_jukov/xenofonte/george_washington/george_washington/washington/william_tecumseh_sherman/william_tecumseh_sherman/seleuco_i_nicátor/seleuco/seleuco_i_nicator/seleuco_i_nicator/cipião_africano/cipião_africano/antonio_lópez_de_santa_anna/antonio_lópez_de_santa_anna/colin_powell/colin_powell/pompeio/pompeu/michel_ney/napoleão_bonaparte/miltiade?/george_marshall/george_marshall/douglas_macarthur/douglas_macarthur/lisímaco/lisandro/luculus/lucius_licinius_luculus/lucullus/licinius_lucullus/robert_edward_lee/robert_edward_lee/flávio_josefo/flavio_josefo/flávio_josefo/jackson/stonewall_jackson/thomas_j._jackson/andrew_jackson/jackson/sam_houston/sam_houston/paul_von_hindenburg/asdrúbal/asdrubal/anibal/aníbal/ulysses_s._grant/ulysses_s._grant/giuseppe_garibaldi/giuseppe_garibaldi/franco/francisco_franco/francisco_franco/eugênio_de_savóia/eugênio_de_savóia/eugênio_de_savoia/dwight_d._eisenhower/dwight_d._eisenhower/james_doolittle/james_doolittle/charles_de_gaulle/moshe_dayan/moshe_dayan/george_armstrong_custer/george_armstrong_custer/oliver_cromwell/oliver_cromwell/charles_cornwallis/charles_cornwallis/carl_von_clausewitz/carl_von_clausewitz/chiang_kai-shek/chiang_kai-shek/césar/omar_bradley/omar_bradley/simón_bolívar/simon_bolivar/belsazar/belisario/belisário/benedict_arnold/marco_antónio/marco_antônio/alcibíades/gneu_júlio_agricola/gneu_júlio_agrícola
período	grande_cisma_do_oriente/grande_cisma_do_oriente/depressão/grande_depressão/reconstrução_dos_estados_unidos/new_deal/renascimento_do_harlem/renascença_do_harlem/terror/revolução_industrial/renascença/renascença_italiana/renascentismo/renascimento/idade_média/idade-média/barroco/era_cristã/era_comum/califado/califados/neolítico/neolítico/mesolítico/paleolítico_superior/paleolítico_superior/paleolítico_médio/paleolítico_médio/paleolítico_inferior/paleolítico/idade_da_pedra/idade_da_pedra/idade_do_ferro/idade_do_ferro/idade_do_bronze/era_elizabetana/período_elisabetano/iluminismo
capital	cardiff/cardiff/edimburgo/edimburgo/belfast/belfast/bridgetown/bridgetown/george_town/george_town/camelot/camelot
grupo	plêiades/plêiades_m45/omega_centauri
cidade	bulawayo/al_mukalla/al_mukalla/al_hudaydah/al_hudaydah/aden/adem/áden/haiphong/hai_phong/cidade_de_ho_chi_minh/cidade_de_ho_chi_minh/valência/maracay/maracaibo/maracaíbo/cumaná/ciudad_bolívar/ciudad_bolívar/estado_da_cidade_do_vaticano/cidade_do_vaticano/santa_sé/vaticano/milwaukee/parkersburg/huntington/spokane/washington/seattle/virginia_beach/virginia_beach/roanoke/newport_news/newport_news/burlington/wichita_falls/wichita_falls/waco/san_antonio/san_antonio/texas/odessa/lubbock/texas/houston/garland/fort_worth/fort_worth/el_paso/el_paso/dallas/texas/corpus_christi/corpus_christi/arlington/knoxville/charleston/rhode_island/newport/scranton/pittsburgh/filadélfia/pensilvânia/chester/erie/youngstown/cincinnati/cleveland/winston-salem/greensboro/carlota/utica/binghamton/nova_iorque/nova_york/buffalo/albuquerque/newark/camden_town/camden_town/baiona/manchester/las_vegas/omaha/springfield/minneapolis/grand_rapids/grand_rapids/flint/detroit/ann_arbor/ann_arbor/springfield/maryland/baltimore/portland/shreveport/new_orleans/nova_orleães/louisville/kansas_city/cidade_sioux/sioux_city/cedar_rapids/iowa/south_bend/indiana/gary/indiana/fort_wayne/chicago/savannah/são_petersburgo/st._augustine/st._augustine/miami_beach/miami/fort_lauderdale/fort_lauderdale/new_haven/new_haven/santa_ana/são_francisco/san_francisco/san_diego/san_diego/san_bernardino/san_bernardino/los_angeles/los_angeles/chula_vista/bakersfield/califórnia/anaheim/mobile/alabama/birmingham/dubai/sardes/pergamo/pérgamo/bursa/constantinopla/istambul/halicarnasso/antália/adana/sousse/sfax/gafsa/dodoma/lataquia/alepo/zurique/lausana/genebra/basileia/basiléia/omdurman/port_sudan/port_sudan/valencia/valência/espanha/valència/saragoça/toledo/sevilha/são_sebastião/oviedo/malaga/málaga/logroño/jerez_de_la_frontera/jerez_de_la_frontera/granada/córdova/córdoba/cartagena/cartagena_das_índias/cádis/barcelona/samarcanda/almaty/ialta/sebastopol/odessa/carcóvia/dnipropetrovsk/chornobyl/chernóbil/chernobil/chernobyl/donetsk/kaunas/klaipėda/klaipeda/daugavpils/liepāja/tartu/pinsk/vladivostok/omsk/cheliabinsk/novosibirsk/volgogrado/ufa/ufa/smoleńsk/smolensk/saratov/rostov_do_don/rostov_do_don/perm/veliky_novgorod/nalchik/murmansk/piter/são_petersburgo/petrogrado/leningrado/petersburgo/cazã/kazan/kursk/khabarovsk/grozni/grozny/grózni/astracã/soweto/bloemfontein/durban/joanesburgo/cidadedocabo/cidade_do_cabo/cidade_do_cabo/hargeisa/taif/jidá/medina/papeete/setúbal/setubal/distrito_do_porto/porto/braga/zabrze/wrocław/breslávia/lublin/katowice/częstochowa/cracóvia/bydgoszcz/cidade_quezón/cidade_quezon/cebu/arequipa/rawalpindi/peshawar/lahore/carachi/hyderabad/faisalabad/zaria/maiduguri/lagos/katsina/ibadan/christchurch/auclanda/auckland/beira/tânger/tanger/oujda/marraquexe/marrakech/fez/casablanca/tombuctu/kuala_lumpur/kuala_lumpur/bengasi/tiro/sidom/sidon/sídon/trípoli/incheon/utrecht/leida/roterdão/nimegue/eindhoven/a_haia/haia/arnhemia/arnhem/apeldoorn/tamale/kumasi/versalhes/tours/toulouse/tolosa/toulon/estrasburgo/reims/nice/nantes/nancy/marselha/lyon/lille/le_havre/le_havre/grenoble/dijon/cannes/bordeaux/bordéus/mombaça/aqaba/toyota_motor/toyota_motor/toyota/nagasaki/fukuoka/kitakyushu/sapporo/hiroshima/quioto/kobe/kōbe/yokohama/osaka/nagoya/nagano/ninive/nínive/assur/babilônia/babilonia/babilónia/edirne/filipos/mossul/kirkuk/karbala/baçorá/baçora/persepólis/persépolis/persepolis/urmia/tabriz/shiraz/syrah/xiraz/isfahan/meshed/semarang/medan/bandung/mysore/lucknow/chennai/hyderabad/andhra_pradesh/agra/bombaim/bombaím/calcutá/jabalpur/bangalore/déli/deli/suez/luxor/lúxor/mênfis/menfis/guizé/assuão/alexandria/swansea/newport/glasgow/aberdeen/waterford/limerick/galway/cork/northampton/worcester/winchester/sheffield/leitura/gloucester/coventry/portsmouth/leicester/leeds/brístol/bristol/brighton/cambridge/oxford/birmingham/liverpool/hull/manchéster/manchester/são_paulo/são_josé_dos_campos/são_joão_de_meriti/são_gonçalo/são_bernardo_do_campo/santos/recife/rio_de_janeiro/rio/osasco/limeira/governador_valadares/joão_pessoa/curitiba/belo_horizonte/belém/santa_maria_de_belém/sucre/liège/liége/gante/charleroi/bruges/antuerpia/antuérpia/chittagong/innsbruck/salzburgo/linz/graz/saskatoon/montréal/montreal/thunder_bay/thunder_bay/hamilton/vancouver/calgary/split/dubrovnik/ragusa/sarajevo/brasov/braşov/verona/veneza/pádua/padua/trento/firenze/florença/palermo/bari/turim/pisa/milão/la_spezia/la_spezia/cremona/genova/gênova/génova/brindisi/bologna/bolonha/messina/nápoles/ferrara/bréscia/bolzano/tirol_meridional/áquila/l'aquila/herculano/pompeia/pompéia/bizâncio/bisâncio/samaria/jaffa/haifa/tel_aviv/tel_aviv-yafo/tel-aviv/sodoma/nablus/salônica/salonica/salónica/tebas/troia/tróia/pátras/patras/éfeso/esparta/micenas/delfos/argos/corinto/corínto/tampere/espoo/guaiaquil/wurtzburgo/wiesbaden/estugarda/rostock/potsdam/nuremberga/alemães_de_munique/munique/mannheim/lubeck/lübeck/hanôver/hanóver/hamburgo/hamburg/frankfurt-am-main/frankfurt/essen/dusseldorf/düsseldorf/braunschweig/bransvique/colônia/colónia/bona/bonn/weimar/solingen/lípsia/leipzig/dresden/dortmund/chemnitz/bremerhaven/bremen/aachen/aquisgrano/uppsala/gotemburgo/lund/malmö/trondheim/stavanger/bergen/ålborg/alborg/århus/arhus/cotonou/ostrava/brno/montego_bay/montego_bay/san_juan/santiago_de_los_caballeros/guantanamo/guantánamo/guantânamo/santiago_de_cuba/santiago_de_cuba/villahermosa/veracruz/tuxtla_gutiérrez/tuxtla_gutiérrez/tijuana/torreón/tampico/tepic/san_luis_potosí/san_luis_potosí/puebla/monterrei/mexicali/mazatlán/hermosillo/guadalajara/durango/culiacán/ciudad_victoria/ciudad_victoria/ciudad_juárez/ciudad_juárez/acapulco/cancun/cancún/mérida/san_pedro_sula/san_pedro_sula/abidjan/abijão/abijã/lubumbashi/kananga/goma/cartagena_das_índias/cartagena_das_índias/medellín/medellin/cali/cáli/barranquilla/hong-kong/hong_kong_-_região_administrativa_especial_da_china/região_admin._especial_da_china/hong_kong/hongkong/taichung/hohhot/xian/xi'an/wuhan/tianjin/tangshan/taiyuan/shenyang/xangai/nanjing/nanquim/nanning/nanchang/hangzhou/luoyang/dalian/lanzhou/cantão/chongqing/viña_del_mar/viña_del_mar/valparaíso/temuco/punta_arenas/antofagasta/kandy/duala/moulmein/mandalay/varna/plovdiv/dobrich/rosário/rosario/mörön/córdova/bahía_blanca/bahía_blanca/hamilton/lobito/huambo/orã/blida/annaba/durrës/mazar-e_sharif/mazar-e_sharif/kandahar/herat/colossos
chefe	saddam_hussein
distrito	rock_springs/laramie/wausau/eau_claire/harpers_ferry/yakima/vancouver/kennewick/bellingham/fredericksburg/rutland/san_angelo/paris/midland/mcallen/mcallen/lufkin/galveston/johnson_city/johnson_city/rapid_city/rapid_city/hershey/gettysburg/muskogee/enid/bartlesville/mansfield/wilmington/asheville/watertown/saratoga_springs/ithaca/princeton/portsmouth/great_falls/são_josé/são_josé/columbia/nyssa/natchez/greenville/columbo/bemidji/monroe/marquette/kalamazoo/plymouth/medford/frederico/brunsvique/bangor/morgan_city/monroe/compra_da_luisiana/compra_da_luisiana/salina/lawrence/kansas/hays/ottumwa/mason_city/dubuque/lafayette/moline/lest_saint_louis/champaign/cairo/pocatello/lewiston/valdosta/west_palm_beach/west_palm_beach/sarasota/pensacola/key_west/fort_myers/fort_myers/daytona_beach/daytona_beach/boulder/california/san_pablo/san_mateo/san_mateo/palo_alto/palo_alto/monterey/eureka/pine_bluff/pine_bluff/skagway/nome/selma/decatur/entebbe/chalkedon/antioquia/abidos/interlaken/darfur/catalunha/cataluña/reino_de_castela/castela/aragão/dhahran/samoa_americana/samoa_americana/cusco/natal/kwazulu-natal/monte_carlo/sarawak/sabá/malásia_oriental/malásia_oriental/vichy/dunquerque/chartres/chablis/calais/calé/avinhão/saqqara/nag_hammadi/nag_hammadi/aberdare/cantuária/hastings/sunderland/stratford_upon_avon/stratford-upon-avon/stratford-upon-avon/blackpool/somerset/bath/lake_district/lake_district/acre/waterloo/marianas_do_norte/ilhas_marianas_do_norte/marianas_setentrionais/território_do_norte/yukón/yukon/yellowknife/nunavut/territórios_do_noroeste/territórios_do_noroeste/acádia/agrigento/estados_pontifícios/estados_pontifícios/anzio/belém/nazaré/acre/platéias/plateias/beócia/ática/áccio/âccio/monte_atos/cnossos/mariehamn/maçuá/hohenlinden/hamelin/plzen/plzeň/nogales/timgad/reggane/hipona/jalalabad
líder	saddam_hussein
costa	eólia/barbária/costa_da_berbéria/costa_barbaresca/costa_berberisca
constituição	constituição_dos_estados_unidos/constituição_dos_estados_unidos_da_américa
acordo	tratado_do_atlântico_norte/tratado_do_atlântico_norte
organização	ordem_de_orange
tempo	grande_cisma_do_oriente/grande_cisma_do_oriente/era_cristã/era_comum/califado/califados/neolítico/neolítico/mesolítico/paleolítico_superior/paleolítico_superior/paleolítico_médio/paleolítico_médio/paleolítico_inferior/paleolítico/idade_da_pedra/idade_da_pedra/idade_do_ferro/idade_do_ferro/idade_do_bronze
executivo	peter_stuyvesant
época	depressão/grande_depressão/reconstrução_dos_estados_unidos/new_deal/renascimento_do_harlem/renascença_do_harlem/terror/revolução_industrial/renascença/renascença_italiana/renascentismo/renascimento/idade_média/idade-média/barroco/era_cristã/era_comum/califado/califados/era_elizabetana/período_elisabetano/iluminismo
região	extremo_oriente/extremo-oriente/extremo_oriente/velho_mundo
porto	pearl_harbor/pearl_harbor/cesareia
luta	batalha_da_grã-bretanha
revolução	revolução_de_fevereiro/revolução_de_fevereiro/revolução_mexicana/revolução_mexicana/revolução_mexicana/revolução_mexicana/revolução_francesa/revolução_francesa/revoluçao_francesa/revolução_francesa/revolução_francesa/revoluçao_francesa/revolução_gloriosa/revolução_gloriosa/revolução_gloriosa/revolução_gloriosa/revolução_cubana/revolução_cubana/revolução_cubana/revolução_cubana/revolução_comunista_chinesa/revolução_comunista_chinesa/guerra_da_independência_dos_estados_unidos_da_américa/guerra_da_independência_dos_estados_unidos_da_américa
empresário	george_stephenson/george_stephenson/leland_stanford
lugar	latrão
operação	operação_tempestade_no_deserto/tempestade_no_deserto
convenção	tratado_do_atlântico_norte/tratado_do_atlântico_norte
advogado	abraham_lincoln/abraham_lincoln/francis_scott_key/francis_scott_key/john_edgar_hoover/john_edgar_hoover/clarence_darrow/clarence_darrow/william_jennings_bryan/william_jennings_bryan/averróis
discurso	discurso_de_gettysburg
conferência	conferência_de_ialta/conferência_de_ialta/conferência_de_potsdam
linha	passagem_do_noroeste
embaixador	kurt_waldheim/kurt_waldheim/eleanor_roosevelt/eleanor_roosevelt/trygve_lie/trygve_lie/ferdinand_de_lesseps/ferdinand_de_lesseps/henry_kissinger/kissinger/john_jay/john_jay/cordell_hull/cordell_hull/dag_hammarskjöld/hugo_grócio/hugo_grócio/genetta/john_kenneth_galbraith/john_kenneth_galbraith/john_foster_dulles/john_foster_dulles/ralph_johnson_bunche/ralph_johnson_bunche
terra	america/américa/américas/continente_americano
combate	batalha_da_grã-bretanha
castelo	castelo_de_balmoral/castelo_de_balmoral
prisão	newgate/newgate
golpe	revolução_de_outubro
livro	utopia/o_capital
médico	thomas_sydenham/thomas_sydenham/albert_schweitzer/albert_schweitzer/paracelso/edward_jenner/edward_jenner/george_huntington/william_harvey/william_harvey/christiaan_eijkman/christiaan_eijkman/robert_bárány/robert_bárány/avicena/averróis
revolta	revolta_dos_sipais/revolta_dos_sipais/revolta_camponesa_de_1381/revolta_camponesa_de_1381
homem	sem/jafé/sete/caim/adão
manifestação	festa_do_chá_de_boston/festa_do_chá_de_boston
data	dia_d
idade	depressão/grande_depressão/reconstrução_dos_estados_unidos/new_deal/renascimento_do_harlem/renascença_do_harlem/terror/revolução_industrial/renascença/renascença_italiana/renascentismo/renascimento/idade_média/idade-média/barroco/era_cristã/era_comum/califado/califados/era_elizabetana/período_elisabetano/iluminismo
limite	linha_de_controle
palácio	palácio_de_versalhes/versalhes/palácio_de_versalhes/palácio_de_versalhes/versalhes/palácio_de_versalhes/palácio_das_tulherias/palácio_das_tulherias/palácio_de_latrão/palácio_de_latrão/palácio_de_latrão/palácio_de_latrão/alhambra/alhambra
engenheiro	james_watt/james_watt/thomas_augustus_watson/thomas_augustus_watson/richard_trevithick/richard_trevithick/siemens_ag/siemens_ag/claude_elwood_shannon/claude_elwood_shannon/leonardo_da_vinci/da_vinci/junkers/buckminster_füller/rudolf_diesel/rudolf_diesel/gottlieb_daimler/gottlieb_daimler
compromisso	compromisso_do_missouri/compromisso_do_missouri
autor	stefan_zweig/stefan_zweig/s._s._van_dine/virginia_woolf/virginia_woolf/tom_wolfe/tom_wolfe/p._g._wodehouse/p._g._wodehouse/thornton_wilder/thornton_wilder/oscar_wilde/oscar_wilde/elie_wiesel/elie_wiesel/patrick_white/patrick_white/elwyn_brooks_white/elwyn_brooks_white/edith_wharton/edith_wharton/rebecca_west/rebecca_west/h._g._wells/herbert_george_wells/evelyn_waugh/evelyn_waugh/edgar_wallace/edgar_wallace/alice_walker/alice_walker/kurt_vonnegut/kurt_vonnegut/voltaire/júlio_verne/mário_vargas_llosa/john_updike/john_updike/sigrid_undset/sigrid_undset/ivan_turgeniev/ivan_turgeniev/liev_tolstói/john_ronald_reuel_tolkien/j.r.r._tolkien/tolkien/alexis_de_tocqueville/alexis_de_tocqueville/henry_david_thoreau/henry_david_thoreau/william_makepeace_thackeray/william_makepeace_thackeray/rabindranath_tagore/rabindranath_tagore/john_addington_symonds/john_addington_symonds/eugène_sue/william_styron/william_styron/harriet_beecher_stowe/harriet_beecher_stowe/bram_stoker/bram_stoker/robert_louis_stevenson/robert_louis_stevenson/laurence_sterne/laurence_sterne/estêvão/stendhal/john_steinbeck/john_steinbeck/susan_sontag/susan_sontag/alexander_soljenítsin/charles_percy_snow/charles_percy_snow/tobias_smollett/tobias_smollett/isaac_bashevis_singer/isaac_bashevis_singer/upton_sinclair/upton_sinclair/georges_simenon/georges_simenon/mary_shelley/mary_shelley/george_bernard_shaw/george_bernard_shaw/walter_scott/walter_scott/william_saroyan/william_saroyan/carl_sandburg/carl_sandburg/george_sand/george_sand/j.d._salinger/marquês_de_sade/marquês_de_sade/george_william_russell/george_william_russell/salman_rushdie/salman_rushdie/jean-jacques_rousseau/philip_roth/philip_roth/eleanor_roosevelt/eleanor_roosevelt/ayn_rand/ayn_rand/thomas_pynchon/thomas_pynchon/ezra_pound/katherine_anne_porter/o._henry/edgar_allan_pöe/plínio/caio_plínio_cecílio_segundo/plínio,_o_velho/gaius_plinius_secundus/sylvia_plath/sylvia_plath/petrônio/petrónio/boris_pasternak/boris_pasternak/bóris_pasternak/george_orwell/george_orwell/michael_ondaatje/michael_ondaatje/flannery_o'connor/flannery_o'connor/joyce_carol_oates/joyce_carol_oates/ogden_nash/ogden_nash/alfred_de_musset/alfred_de_musset/iris_murdoch/iris_murdoch/saki/toni_morrison/toni_morrison/thomas_more/thomas_more/jessica_mitford/alan_alexander_milne/alan_alexander_milne/thomas_merton/thomas_merton/herman_melville/herman_melville/marshall_mcluhan/marshall_mcluhan/carson_mccullers/carson_mccullers/andré_maurois/andré_maurois/françois_mauriac/françois_mauriac/guy_de_maupassant/guy_de_maupassant/w._somerset_maugham/w._somerset_maugham/marisma/alessandro_manzoni/alessandro_manzoni/katherine_mansfield/katherine_mansfield/thomas_mann/andré_malraux/andré_malraux/thomas_malory/thomas_malory/norman_mailer/norman_mailer/john_lyly/john_lyly/jack_london/jack_london/clive_staples_lewis/clive_staples_lewis/doris_lessing/doris_lessing/mikhail_lérmontov/leonardo/john_le_carré/t._e._lawrence/t._e._lawrence/d._h._lawrence/françois_de_la_rochefoucauld/françois_de_la_rochefoucauld/jean_de_la_fontaine/jean_de_la_fontaine/rudyard_kipling/rudyard_kipling/ken_kesey/ken_kesey/jack_kerouac/jack_kerouac/helen_keller/helen_keller/franz_kafka/franz_kafka/james_joyce/james_joyce/erica_jong/erica_jong/samuel_johnson/samuel_johnson/johannes_vilhelm_jensen/johannes_vilhelm_jensen/james/henry_james/henry_james/jane_jacobs/jane_jacobs/helen_hunt_jackson/christopher_isherwood/christopher_isherwood/washington_irving/washington_irving/john_irving/aldous_huxley/aldous_huxley/leigh_hunt/leigh_hunt/langston_hughes/langston_hughes/l._ron_hubbard/l._ron_hubbard/william_dean_howells/william_dean_howells/e.t.a._hoffmann/paul_johann_ludwig_von_heyse/paul_johann_ludwig_von_heyse/hesse/ernest_hemingway/ernest_hemingway/joseph_heller/joseph_heller/robert_a._heinlein/robert_a._heinlein/nathaniel_hawthorne/nathaniel_hawthorne/bret_harte/bret_harte/knut_hamsun/knut_hamsun/dashiell_hammett/dashiell_hammett/alex_haley/edward_everett_hale/edward_everett_hale/wilhelm_grimm/wilhelm_grimm/jacob_grimm/jacob_grimm/graham_greene/graham_greene/robert_graves/robert_graves/gunter_grass/günter_grass/kenneth_grahame/kenneth_grahame/nadine_gordimer/nadine_gordimer/jules_de_goncourt/jules_de_goncourt/edmond_de_goncourt/witold_gombrowicz/oliver_goldsmith/oliver_goldsmith/ourives/nikolai_gogol/nikolai_gogol/andré_gide/andré_gide/theodor_seuss_geisel/theodor_seuss_geisel/erle_stanley_gardner/john_galsworthy/john_galsworthy/émile_gaboriau/carlos_fuentes/carlos_fuentes/benjamin_franklin/benjamin_franklin/anatole_france/anatole_france/c._s._forester/c.s._forester/ford_madox_ford/ian_fleming/ian_fleming/gustave_flaubert/gustave_flaubert/f._scott_fitzgerald/f._scott_fitzgerald/henry_fielding/henry_fielding/ralph_waldo_emerson/ralph_waldo_emerson/george_eliot/george_eliot/lawrence_durrell/lawrence_durrell/daphne_du_maurier/daphné_du_maurier/dumas/alexandre_dumas/theodore_dreiser/theodore_dreiser/fiódor_dostoiévski/john_dos_passos/john_dos_passos/karen_blixen/karen_blixen/joan_didion/joan_didion/charles_dickens/charles_dickens/thomas_de_quincey/daniel_dëfoe/daniel_defoe/daniel_deföe/stephen_crane/james_fenimore_cooper/james_fenimore_cooper/joseph_conrad/joseph_conrad/arthur_conan_doyle/arthur_conan_doyle/wilkie_collins/colette/jean_cocteau/jean_cocteau/mark_twain/mark_twain/winston_churchill/winston_churchill/agatha_christie/g._k._chesterton/g._k._chesterton/john_cheever/john_cheever/françois-rené_de_chateaubriand/françois-rené_de_chateaubriand/raymond_chandler/raymond_chandler/miguel_de_cervantes/miguel_de_cervantes/willa_cather/willa_cather/lewis_carroll/lewis_carroll/karel_capek/karel_čapek/karel_capek/elias_canetti/elias_canetti/albert_camus/albert_camus/ítalo_calvino/erskine_caldwell/james_branch_cabell/james_branch_cabell/william_s._burroughs/william_s._burroughs/edgar_rice_burroughs/frances_hodgson_burnett/frances_hodgson_burnett/john_bunyan/john_bunyan/anne_brontë/emily_brontë/ray_bradbury/ray_bradbury/james_boswell/james_boswell/jorge_luís_borges/heinrich_böll/heinrich_böll/ambrose_bierce/ambrose_bierce/robert_benchley/robert_benchley/saul_bellow/saul_bellow/hilaire_belloc/hilaire_belloc/max_beerbohm/max_beerbohm/samuel_beckett/samuel_beckett/simone_de_beauvoir/simone_de_beauvoir/jane_austen/jane_austen/isaac_asimov/isaac_asimov/sholem_asch/louis_aragon/aragão/louis_aragon/sherwood_anderson/sherwood_anderson/hans_christian_andersen/hans_christian_andersen/nelson_algren/nelson_algren/conrad_aiken/conrad_aiken
nação	tamil_eelam/tamil_eelam
território	compra_da_luisiana/compra_da_luisiana/darfur/catalunha/cataluña/reino_de_castela/castela/aragão/samoa_americana/samoa_americana/natal/kwazulu-natal/sarawak/sabá/malásia_oriental/malásia_oriental/lake_district/lake_district/acre/marianas_do_norte/ilhas_marianas_do_norte/marianas_setentrionais/território_do_norte/yukón/yukon/nunavut/territórios_do_noroeste/territórios_do_noroeste/acádia/estados_pontifícios/estados_pontifícios/beócia/ática/monte_atos
adversário	anticristo
vale	vale_de_san_joaquin/vale_de_san_fernando/vale_de_são_fernando
mulher	sara/rute/rebeca/raquel/catarina_de_aragão/catarina_de_aragão/bate-seba/bate-seba/eva
praça	trafalgar_square/trafalgar_square
estrada	passagem_do_noroeste
produtor	eli_whitney/eli_whitney/isaac_merrit_singer
serra	montes_urais/montes_urais/sierra_nevada/sierra_nevada/serra_nevada/serra_nevada/sierra_madre_oriental/sierra_madre_oriental/sierra_madre_ocidental/sierra_madre_ocidental/montanhasrochosas/montanhas_rochosas/montanhas_rochosas/ródope/pireneus/pirenéus/pirinéus/pirineus/pamir/monte_carmelo/kun_lun/kunlun/kun_lun/caracórum/indocuche/hindukush/hindu_kush/himalaia/montanhas_verdes/montanhas_verdes/montanhas_great_smoky/cordilheira_australiana/cordilheira_australiana/montanhas_costeiras/cáucaso/cordilheira_do_cáucaso/cordilheira_do_cáucaso/montanhas_catskill/cordilheira_das_cascatas/cordilheira_das_cascatas/cárpatos/cordilheira_cantábrica/black_hills/alpes_australianos/cordilheira_do_atlas/apalaches/apeninos/cordilheira_dos_andes/andes/montanhas_altai/alpes/montes_allegheny/cordilheira_do_alasca/montanhas_adirondack
acadêmico	marco_terêncio_varrão/marco_terêncio_varrão/lourenço_de_médici/lourenço_de_médici
economista	thorstein_veblen/thorstein_veblen/james_tobin/james_tobin/jan_tinbergen/jan_tinbergen/adam_smith/adam_smith/herbert_simon/herbert_simon/joseph_schumpeter/joseph_schumpeter/david_ricardo/david_ricardo/vilfredo_pareto/vilfredo_pareto/gunnar_myrdal/gunnar_myrdal/jean_monnet/jean_monnet/karl_marx/thomas_malthus/thomas_malthus/wassily_leontief/wassily_leontief/stephen_leacock/stephen_leacock/simon_kuznets/simon_kuznets/tjalling_koopmans/tjalling_koopmans/john_maynard_keynes/john_maynard_keynes/william_stanley_jevons/william_stanley_jevons/friedrich_hayek/friedrich_hayek/john_kenneth_galbraith/john_kenneth_galbraith/ragnar_anton_kittil_frisch/ragnar_anton_kittil_frisch/milton_friedman/milton_friedman
passagem	haftorá
vila	rock_springs/laramie/wausau/eau_claire/harpers_ferry/yakima/vancouver/kennewick/bellingham/fredericksburg/rutland/san_angelo/paris/midland/mcallen/mcallen/lufkin/galveston/johnson_city/johnson_city/rapid_city/rapid_city/hershey/gettysburg/muskogee/enid/bartlesville/mansfield/wilmington/asheville/watertown/saratoga_springs/ithaca/princeton/portsmouth/great_falls/são_josé/são_josé/columbia/nyssa/natchez/greenville/columbo/bemidji/monroe/marquette/kalamazoo/plymouth/medford/frederico/brunsvique/bangor/morgan_city/monroe/salina/lawrence/kansas/hays/ottumwa/mason_city/dubuque/lafayette/moline/lest_saint_louis/champaign/cairo/pocatello/lewiston/valdosta/west_palm_beach/west_palm_beach/sarasota/pensacola/key_west/fort_myers/fort_myers/daytona_beach/daytona_beach/boulder/california/san_pablo/san_mateo/san_mateo/palo_alto/palo_alto/monterey/eureka/pine_bluff/pine_bluff/skagway/nome/selma/decatur/entebbe/chalkedon/antioquia/abidos/interlaken/dhahran/cusco/monte_carlo/vichy/dunquerque/chartres/chablis/calais/calé/avinhão/saqqara/nag_hammadi/nag_hammadi/aberdare/cantuária/hastings/sunderland/stratford_upon_avon/stratford-upon-avon/stratford-upon-avon/blackpool/somerset/bath/waterloo/yellowknife/agrigento/anzio/belém/nazaré/acre/platéias/plateias/áccio/âccio/cnossos/mariehamn/maçuá/hohenlinden/hamelin/plzen/plzeň/nogales/timgad/reggane/hipona/jalalabad
bispo	úlfilas/ulfilas/nicolau_de_mira/nicolau_de_mira/nicolau/inácio/eusébio_de_cesareia/eusébio_de_cesaréia/george_berkeley/george_berkeley/ambrósio_de_milão/ambrósio_de_milão
escândalo	caso_watergate/caso_watergate
caminho	passagem_do_noroeste
fronteira	linha_de_controle
torres	obelisco_espacial/obelisco_espacial/torredeeiffel/torre_eiffel/torre_eiffel/torre_cn/torre_cn
comerciante	george_stephenson/george_stephenson/leland_stanford
sítio	latrão/siracusa/pleven/orleães/dien_bien_phu/corregidor/atlanta/batalha_do_alamo
escritor	stefan_zweig/stefan_zweig/s._s._van_dine/virginia_woolf/virginia_woolf/tom_wolfe/tom_wolfe/p._g._wodehouse/p._g._wodehouse/thornton_wilder/thornton_wilder/oscar_wilde/oscar_wilde/elie_wiesel/elie_wiesel/patrick_white/patrick_white/elwyn_brooks_white/elwyn_brooks_white/edith_wharton/edith_wharton/rebecca_west/rebecca_west/h._g._wells/herbert_george_wells/evelyn_waugh/evelyn_waugh/edgar_wallace/edgar_wallace/alice_walker/alice_walker/kurt_vonnegut/kurt_vonnegut/voltaire/júlio_verne/mário_vargas_llosa/john_updike/john_updike/sigrid_undset/sigrid_undset/ivan_turgeniev/ivan_turgeniev/liev_tolstói/john_ronald_reuel_tolkien/j.r.r._tolkien/tolkien/alexis_de_tocqueville/alexis_de_tocqueville/henry_david_thoreau/henry_david_thoreau/william_makepeace_thackeray/william_makepeace_thackeray/rabindranath_tagore/rabindranath_tagore/john_addington_symonds/john_addington_symonds/eugène_sue/william_styron/william_styron/harriet_beecher_stowe/harriet_beecher_stowe/bram_stoker/bram_stoker/robert_louis_stevenson/robert_louis_stevenson/laurence_sterne/laurence_sterne/estêvão/stendhal/john_steinbeck/john_steinbeck/susan_sontag/susan_sontag/alexander_soljenítsin/charles_percy_snow/charles_percy_snow/tobias_smollett/tobias_smollett/isaac_bashevis_singer/isaac_bashevis_singer/upton_sinclair/upton_sinclair/georges_simenon/georges_simenon/mary_shelley/mary_shelley/george_bernard_shaw/george_bernard_shaw/walter_scott/walter_scott/william_saroyan/william_saroyan/carl_sandburg/carl_sandburg/george_sand/george_sand/j.d._salinger/marquês_de_sade/marquês_de_sade/george_william_russell/george_william_russell/salman_rushdie/salman_rushdie/jean-jacques_rousseau/philip_roth/philip_roth/eleanor_roosevelt/eleanor_roosevelt/ayn_rand/ayn_rand/thomas_pynchon/thomas_pynchon/ezra_pound/katherine_anne_porter/o._henry/edgar_allan_pöe/plínio/caio_plínio_cecílio_segundo/plínio,_o_velho/gaius_plinius_secundus/sylvia_plath/sylvia_plath/petrônio/petrónio/boris_pasternak/boris_pasternak/bóris_pasternak/george_orwell/george_orwell/michael_ondaatje/michael_ondaatje/flannery_o'connor/flannery_o'connor/joyce_carol_oates/joyce_carol_oates/ogden_nash/ogden_nash/alfred_de_musset/alfred_de_musset/iris_murdoch/iris_murdoch/saki/toni_morrison/toni_morrison/thomas_more/thomas_more/jessica_mitford/alan_alexander_milne/alan_alexander_milne/thomas_merton/thomas_merton/herman_melville/herman_melville/marshall_mcluhan/marshall_mcluhan/carson_mccullers/carson_mccullers/andré_maurois/andré_maurois/françois_mauriac/françois_mauriac/guy_de_maupassant/guy_de_maupassant/w._somerset_maugham/w._somerset_maugham/marisma/alessandro_manzoni/alessandro_manzoni/katherine_mansfield/katherine_mansfield/thomas_mann/andré_malraux/andré_malraux/thomas_malory/thomas_malory/norman_mailer/norman_mailer/john_lyly/john_lyly/jack_london/jack_london/clive_staples_lewis/clive_staples_lewis/doris_lessing/doris_lessing/mikhail_lérmontov/leonardo/john_le_carré/t._e._lawrence/t._e._lawrence/d._h._lawrence/françois_de_la_rochefoucauld/françois_de_la_rochefoucauld/jean_de_la_fontaine/jean_de_la_fontaine/rudyard_kipling/rudyard_kipling/ken_kesey/ken_kesey/jack_kerouac/jack_kerouac/helen_keller/helen_keller/franz_kafka/franz_kafka/james_joyce/james_joyce/erica_jong/erica_jong/samuel_johnson/samuel_johnson/johannes_vilhelm_jensen/johannes_vilhelm_jensen/james/henry_james/henry_james/jane_jacobs/jane_jacobs/helen_hunt_jackson/christopher_isherwood/christopher_isherwood/washington_irving/washington_irving/john_irving/aldous_huxley/aldous_huxley/leigh_hunt/leigh_hunt/langston_hughes/langston_hughes/l._ron_hubbard/l._ron_hubbard/william_dean_howells/william_dean_howells/e.t.a._hoffmann/paul_johann_ludwig_von_heyse/paul_johann_ludwig_von_heyse/hesse/ernest_hemingway/ernest_hemingway/joseph_heller/joseph_heller/robert_a._heinlein/robert_a._heinlein/nathaniel_hawthorne/nathaniel_hawthorne/bret_harte/bret_harte/knut_hamsun/knut_hamsun/dashiell_hammett/dashiell_hammett/alex_haley/edward_everett_hale/edward_everett_hale/wilhelm_grimm/wilhelm_grimm/jacob_grimm/jacob_grimm/graham_greene/graham_greene/robert_graves/robert_graves/gunter_grass/günter_grass/kenneth_grahame/kenneth_grahame/nadine_gordimer/nadine_gordimer/jules_de_goncourt/jules_de_goncourt/edmond_de_goncourt/witold_gombrowicz/oliver_goldsmith/oliver_goldsmith/ourives/nikolai_gogol/nikolai_gogol/andré_gide/andré_gide/theodor_seuss_geisel/theodor_seuss_geisel/erle_stanley_gardner/john_galsworthy/john_galsworthy/émile_gaboriau/carlos_fuentes/carlos_fuentes/benjamin_franklin/benjamin_franklin/anatole_france/anatole_france/c._s._forester/c.s._forester/ford_madox_ford/ian_fleming/ian_fleming/gustave_flaubert/gustave_flaubert/f._scott_fitzgerald/f._scott_fitzgerald/henry_fielding/henry_fielding/ralph_waldo_emerson/ralph_waldo_emerson/george_eliot/george_eliot/lawrence_durrell/lawrence_durrell/daphne_du_maurier/daphné_du_maurier/dumas/alexandre_dumas/theodore_dreiser/theodore_dreiser/fiódor_dostoiévski/john_dos_passos/john_dos_passos/karen_blixen/karen_blixen/joan_didion/joan_didion/charles_dickens/charles_dickens/thomas_de_quincey/daniel_dëfoe/daniel_defoe/daniel_deföe/stephen_crane/james_fenimore_cooper/james_fenimore_cooper/joseph_conrad/joseph_conrad/arthur_conan_doyle/arthur_conan_doyle/wilkie_collins/colette/jean_cocteau/jean_cocteau/mark_twain/mark_twain/winston_churchill/winston_churchill/agatha_christie/g._k._chesterton/g._k._chesterton/john_cheever/john_cheever/françois-rené_de_chateaubriand/françois-rené_de_chateaubriand/raymond_chandler/raymond_chandler/miguel_de_cervantes/miguel_de_cervantes/willa_cather/willa_cather/lewis_carroll/lewis_carroll/karel_capek/karel_čapek/karel_capek/elias_canetti/elias_canetti/albert_camus/albert_camus/ítalo_calvino/erskine_caldwell/james_branch_cabell/james_branch_cabell/william_s._burroughs/william_s._burroughs/edgar_rice_burroughs/frances_hodgson_burnett/frances_hodgson_burnett/john_bunyan/john_bunyan/anne_brontë/emily_brontë/ray_bradbury/ray_bradbury/james_boswell/james_boswell/jorge_luís_borges/heinrich_böll/heinrich_böll/ambrose_bierce/ambrose_bierce/robert_benchley/robert_benchley/saul_bellow/saul_bellow/hilaire_belloc/hilaire_belloc/max_beerbohm/max_beerbohm/samuel_beckett/samuel_beckett/simone_de_beauvoir/simone_de_beauvoir/jane_austen/jane_austen/isaac_asimov/isaac_asimov/sholem_asch/louis_aragon/aragão/louis_aragon/sherwood_anderson/sherwood_anderson/hans_christian_andersen/hans_christian_andersen/nelson_algren/nelson_algren/conrad_aiken/conrad_aiken
deus	quetzalcóatl/quetzalcoatl/quetzalcóatl/quetzalcoatl/arhat/arhat/bodisatvas/bodisatva/bodisatva/bodisatvas/bodisatva/bodisatva/morfeu/morfeu/hipnos/hipnos/demogorgon/demogorgon
século	era_cristã/era_comum/califado/califados
opositor	anticristo
manobra	operação_tempestade_no_deserto/tempestade_no_deserto
exílio	captividade_babilônica
soldado	t._e._lawrence/t._e._lawrence/césar_bórgia/césar_bórgia/cesar_bórgia/ethan_allen/ethan_allen
prédio	independence_hall
bairro	rive_droite/montmartre/rive_gauche
canal	canal_de_barlavento/canal_de_barlavento/canal_de_moçambique/canal_de_moçambique/canal_da_mancha
convênio	tratado_do_atlântico_norte/tratado_do_atlântico_norte
ilha	ilha_kodiak/ilha_kodiak/ilha/ilhota/ilhotas/ilhas_da_nova_sibéria/ilhas_da_nova_sibéria/krakatao/ilha_de_krakatoa/ilha_de_krakatoa/ilha_galveston/long_island/long_island/ellis_island/ellis_island/manhattan/ilha_de_manhattan/ilha_da_liberdade/ilha_da_liberdade/nantucket/martha's_vineyard/oahu/molokai/maui/lanai/kauai/kahoolawe/havaí/havai/ilha_admiralty/zanzibar/tenerife/canárias/maiorca/mallorca/nova_zembla/nova_zembla/cingapura/singapura/seicheles/seychelles/ilha_do_príncipe/ilha_do_príncipe/samoa/ilhas_samoa/taiti/são_vicente/santa_lúcia/santa_lúcia/nevedfsd/são_cristóvão/madeira/região_autónoma_dos_açores/açores/mindoro/mindanau/luzon/cebu/ilha_sul/ilha_do_sul/ilha_sul/ilha_norte/ilha_do_norte/ilha_norte/nova_zelândia/república_de_malta/malta/madagáscar/madagascar/república_de_madagáscar/islandia/islândia/república_da_islândia/ilhas_faroé/ilhas_féroe/martinica/corsega/córsega/île_saint-louis/iwojima/iwo_jima/iwo_jima/shikoku/kyūshū/kyushu/kyūshu/honshu/honshū/hokkaidō/hokkaido/província_de_hokkaido/ilhas_molucas/celebes/célebes/sumatra/samatra/timor/bali/báli/java/anglesey/ilha_de_skye/ilha_de_skye/ilha_de_man/ilha_de_man/ilhas_do_canal/ilhas_do_canal/irlanda/grã-bretanha/grã_bretanha/ilhas_britânicas/ilhas_britânicas/barém/bahrein/nova_irlanda/nova_guiné/nova_guiné/nova_caledônia/nova_caledónia/nova_bretanha/guadalcanal/bornéu/borneu/nauru/ilha_wake/ilha_wake/guam/guame/saipan/ilha_norfolk/tasmânia/ilha_cape_breton/ilha_cape_breton/terra_nova/terranova/terra_nova/ilha_vancouver/ilha_vancouver/ilha_de_baffin/ilha_de_baffin/gronelândia/groênlandia/gronelandia/groenlândia/sicília/sardenha/isquia/ischia/ísquia/capri/lemnos/ilhas_égadi/ilhas_égadi/ítaca/creta/vanua_levu/vanua_levu/viti_levu/viti_levu/galápagos/svalbard/spitsbergen/bioko/zelândia/chipre/tobago/trinidad/barbados/ilhas_virgens/ilhas_virgens/jamaica/vieques/culebra/porto_rico/ilha_de_são_domingos/hispaniola/república_do_haiti/ilha_de_são_domingos/haiti/guadalupe/cuba/san_martin/sankt_martin/sint_eustatius/sint_eustatius/saba/curaçao/bonaire/aruba/antilhas_holandesas/antilhas_neerlandesas/antilhas_holandesas/ilha_de_guadalupe/ilha_de_guadalupe/formosa/república_da_china/taiwan/ilha_formosa/ilha_de_formosa/taiwan/formosa/ilhas_falkland/ilhas_malvinas/monserrate/montserrat/ilha_bouvet/ilha_bouvet/bermudas/redonda/barbuda/antígua/ilhas_de_aran/anguilha/anguila/anguilla
rebelião	revolta_dos_sipais/revolta_dos_sipais/revolta_camponesa_de_1381/revolta_camponesa_de_1381
mãe	virgem_maria/mãe_de_jesus/maria
diplomata	kurt_waldheim/kurt_waldheim/eleanor_roosevelt/eleanor_roosevelt/trygve_lie/trygve_lie/ferdinand_de_lesseps/ferdinand_de_lesseps/henry_kissinger/kissinger/john_jay/john_jay/cordell_hull/cordell_hull/dag_hammarskjöld/hugo_grócio/hugo_grócio/genetta/john_kenneth_galbraith/john_kenneth_galbraith/john_foster_dulles/john_foster_dulles/ralph_johnson_bunche/ralph_johnson_bunche
pacto	tratado_do_atlântico_norte/tratado_do_atlântico_norte
jurista	abraham_lincoln/abraham_lincoln/francis_scott_key/francis_scott_key/john_edgar_hoover/john_edgar_hoover/clarence_darrow/clarence_darrow/william_jennings_bryan/william_jennings_bryan/averróis
etapa	grande_cisma_do_oriente/grande_cisma_do_oriente/neolítico/neolítico/mesolítico/paleolítico_superior/paleolítico_superior/paleolítico_médio/paleolítico_médio/paleolítico_inferior/paleolítico/idade_da_pedra/idade_da_pedra/idade_do_ferro/idade_do_ferro/idade_do_bronze
comarca	compra_da_luisiana/compra_da_luisiana/darfur/catalunha/cataluña/reino_de_castela/castela/aragão/samoa_americana/samoa_americana/natal/kwazulu-natal/sarawak/sabá/malásia_oriental/malásia_oriental/lake_district/lake_district/acre/marianas_do_norte/ilhas_marianas_do_norte/marianas_setentrionais/território_do_norte/yukón/yukon/nunavut/territórios_do_noroeste/territórios_do_noroeste/acádia/estados_pontifícios/estados_pontifícios/beócia/ática/monte_atos
inimigo	anticristo
mata	sherwood/floresta_negra/floresta_negra
cadeia	newgate
monte	san_juan_hill/black_hills/flodden/palatino/sete_colinas_de_roma/peninos/montescheviot/sião/gólgota/calvário/areópago
tratado	tratado_do_atlântico_norte/tratado_do_atlântico_norte
província	abecásia/cabodaboaesperança/cabo/transvaal/estado_livre/estado_livre/província_do_estado_livre/bornéu/bengala_ocidental/bengala_ocidental/orissa/uttar_pradesh/uttar_pradesh/tâmil_nadu/tamil_nadu/tamil_nadu/gujarat/guzerate/goa/bihar/andhra_pradesh/andhra_pradesh/manipur/karnataka/assam/tirol/bósnia/kosovo/baviera/baixa_saxônia/baixa_saxônia/baixa_saxónia/tabasco/quintana_roo/quintana_roo/coahuila_de_zaragoza/coahuila_de_zaragoza/chihuahua/campeche/iucatã/mongólia_interior/mongólia_interior/xinjiang/yunnan/sichuan/hunan/hebei/gansu/guangdong
administrador	peter_stuyvesant
domínio	compra_da_luisiana/compra_da_luisiana/darfur/catalunha/cataluña/reino_de_castela/castela/aragão/samoa_americana/samoa_americana/natal/kwazulu-natal/sarawak/sabá/malásia_oriental/malásia_oriental/lake_district/lake_district/acre/marianas_do_norte/ilhas_marianas_do_norte/marianas_setentrionais/território_do_norte/yukón/yukon/nunavut/territórios_do_noroeste/territórios_do_noroeste/acádia/estados_pontifícios/estados_pontifícios/beócia/ática/monte_atos
proximidade	rive_droite/montmartre/rive_gauche
batalha	batalha_da_grã-bretanha
lago	lago_winnipeg/lago_winnipeg/lago_seneca/lago_seneca/lago_okeechobee/lago_okeechobee/lago_vitória/lago_vitória/lago_vänern/lago_vänern/lago_urmia/lago_urmia/tanganyika/lago_tanganica/lago_tana/lago_tana/lago_superior/lago_superior/lago_saint_clair/lago_ontário/lago_onega/lago_onega/lago_niassa/lago_niassa/lago_malawi/lago_nasser/lago_nasser/lago_michigan/lago_michigan/lago_ládoga/lago_ilmen/lago_ilmen/lago_huron/lago_huron/lago_léman/lago_lemano/erié/lago_erie/lago_erie/lago_eduardo/lago_chade/lago_chade/república_do_tchad/chade/mar_de_aral/aral/mar_de_aral/lago_alberto/lago_alberto/lago_kivu/lago_kivu/ijsselmeer/lago_ysse/grande_lago_do_escravo/grande_lago_do_escravo/grande_lago_salgado/grande_lago_salgado/lago_eyre/lago_eyre/erié/mar_morto/mar_morto/lago_de_constança/lago_tahoe/lago_tahoe/lago_baikal/baical/lago_baikal/lago_cayuga/lago_cayuga/mar_cáspio/cáspio/lago_balaton/lago_balaton/lago_volta
insurreição	revolta_dos_sipais/revolta_dos_sipais/revolta_camponesa_de_1381/revolta_camponesa_de_1381
especialista	marco_terêncio_varrão/marco_terêncio_varrão/lourenço_de_médici/lourenço_de_médici
cachoeira	yosemite_falls/cataratas_vitória/cataratas_vitória/cataratas_do_tugela/cataratas_do_tugela/cataratas_do_niágara/cataratas_do_niágara/cataratas_do_iguaçu/cataratas_do_iguaçu/cataratas_canadenses/cataratas_canadenses/salto_angel/salto_angel/salto_ángel/cataratas_americanas/cataratas_americanas
trecho	haftorá
parque	central_park/central_park
edifício	independence_hall
doutor	thomas_sydenham/thomas_sydenham/albert_schweitzer/albert_schweitzer/paracelso/edward_jenner/edward_jenner/george_huntington/william_harvey/william_harvey/christiaan_eijkman/christiaan_eijkman/robert_bárány/robert_bárány/avicena/averróis
princesa	bela_adormecida/bela_adormecida/dido/dido
marinheiro	alexander_selkirk/alexander_selkirk
artista	orson_welles/orson_welles/john_wayne/john_wayne/spencer_tracy/spencer_tracy/louis_comfort_tiffany/erich_von_stroheim/erich_von_stroheim/lee_strasberg/lee_strasberg/frank_sinatra/frank_sinatra/peter_sellers/george_c._scott/george_c._scott/edward_g._robinson/edward_g._robinson/ralph_richardson/ralph_richardson/robert_redford/robert_redford/sidney_poitier/sidney_poitier/peter_o'toole/peter_o'toole/laurence_olivier/laurence_olivier/paul_newman/paul_newman/dudley_moore/dudley_moore/robert_mitchum/robert_mitchum/james_mason/béla_lugosi/peter_lorre/harold_lloyd/harold_lloyd/jack_lemmon/jack_lemmon/bruce_lee/bruce_lee/edward_lear/edward_lear/charles_laughton/gene_kelly/gene_kelly/buster_keaton/buster_keaton/edmund_kean/edmund_kean/boris_karloff/boris_karloff/al_jolson/al_jolson/jasper_johns/jasper_johns/anthony_hopkins/anthony_hopkins/dustin_hoffman/dustin_hoffman/héming/rex_harrison/tom_hanks/alec_guinness/alec_guinness/cary_grant/cary_grant/mel_gibson/mel_gibson/david_garrick/clark_gable/clark_gable/henry_fonda/douglas_fairbanks_jr./douglas_fairbanks/jr./douglas_fairbanks/douglas_fairbanks/marcel_duchamp/marcel_duchamp/gerard_depardieu/gérard_depardieu/gérard_depardieu/de_niro/robert_de_niro/james_dean/james_dean/bing_crosby/bing_crosby/hume_cronyn/hume_cronyn/noel_coward/noël_coward/noel_coward/gary_cooper/gary_cooper/maurice_chevalier/maurice_chevalier/james_cagney/james_cagney/richard_burton/richard_burton/richard_burbage/john_wilkes_booth/john_wilkes_booth/humphrey_bogart/humphrey_bogart/john_barrymore/john_barrymore/lionel_barrymore/lionel_barrymore/john_james_audubon/john_james_audubon/fred_astaire/fred_astaire/hans_arp/woody_allen/woody_allen
avenida	quinta_avenida/quinta_avenida
museu	museu_do_louvre/louvre/basílica_de_santa_sofia/basílica_de_santa_sofia
litoral	eólia/barbária/costa_da_berbéria/costa_barbaresca/costa_berberisca
bispos	úlfilas/ulfilas/nicolau_de_mira/nicolau_de_mira/nicolau/inácio/eusébio_de_cesareia/eusébio_de_cesaréia/george_berkeley/george_berkeley/ambrósio_de_milão/ambrósio_de_milão
porta	portão_dipylon
terrorista	carlos/ilich_ramírez_sánchez/ilich_ramírez_sánchez/bin_laden/osama_bin_laden
jazida	cidade_de_londres/cidade_de_londres
hostilidade	guerra_fria/guerra_fria
esposa	sara/rute/rebeca/raquel/catarina_de_aragão/catarina_de_aragão/bate-seba/bate-seba
cerco	siracusa/pleven/orleães/dien_bien_phu/corregidor/atlanta/batalha_do_alamo
vizinho	rive_droite/montmartre/rive_gauche
floresta	sherwood/floresta_negra/floresta_negra
recessão	grande_depressão
criminoso	jesse_james/jesse_james
regiões	extremo_oriente/extremo-oriente/extremo_oriente/velho_mundo
baixada	vale_de_san_joaquin/vale_de_san_fernando/vale_de_são_fernando
analista	wilhelm_reich/wilhelm_reich/melanie_klein/melanie_klein/sigmund_freud/sigmund_freud
pólo	pólo_sul/polo_sul/pólo_norte/polo_norte
solo	america/américa/américas/continente_americano
satélite	tritão
historiador	xenofonte/elie_wiesel/elie_wiesel/frederick_jackson_turner/barbara_tuchman/tucídides/públio_cornélio_tácito/saxo_grammaticus/cyril_northcote_parkinson/cyril_northcote_parkinson/alfred_thayer_mahan/alfred_thayer_mahan/tito_lívio/john_knox/john_knox/flávio_josefo/flavio_josefo/flávio_josefo/heródoto_de_halicarnasso/heródoto/hérodoto/john_hope_franklin/eusébio_de_cesareia/eusébio_de_cesaréia/will_durant/will_durant/thomas_carlyle/thomas_carlyle/beda/hannah_arendt/hannah_arendt
fuga	underground_railroad/hégira
biografia	vidas_paralelas/vidas_paralelas
assentamento	nova_amsterdã/novaiorque/nova_amsterdã/gibraltar
presídio	newgate
feminista	sojourner_truth/sojourner_truth/gloria_steinem/gloria_steinem/elizabeth_cady_stanton/elizabeth_cady_stanton/betty_friedan/betty_friedan/simone_de_beauvoir/simone_de_beauvoir
cientista	robert_hooke/robert_hooke/william_harvey/william_harvey/francis_galton/francis_galton/benjamin_franklin/benjamin_franklin/roger_bacon/roger_bacon
anexo	rive_droite/montmartre/rive_gauche
rei	tarquínio_o_soberbo/tarquínio/salomão/senaquerib/saul/pepino/pepino_o_breve/nabucodonosor_ii/nabucodonosor_ii/macbeth/kamehameha_i/kamehameha_i/jeroboão_i/jeroboão_i/ezequias/herodes_o_grande/herodes/hamurábi/hamurabi/gilgamesh/genserico/fernando_i_de_leão/fernando_i_de_leão/etelredo_ii_de_inglaterra/eduardo_o_velho/edmundo_ii_de_inglaterra/edmundo_ii_de_inglaterra/david/ciro_ii_da_pérsia/ciro_ii_da_pérsia/creso/clóvis_i/átila_o_huno/flagelo_dos_deuses/átila/athelstane_de_inglaterra/assurbanípal/assurbanipal/alfredo/alfredo_de_inglaterra/alfredo_de_inglaterra/akhenaton/acabe
guerreiro	golias
colônia	novos_países_baixos/novos_países_baixos/nova_amsterdã/novaiorque/nova_amsterdã/gibraltar/ilhas_cayman/ilhas_cayman/ilhas_caymans
baía	baía_de_tampa/mar_de_azov/mardeazove/mar_de_azov/baía_de_são_francisco/baía_de_são_francisco/baía_de_san_diego/baía_de_osaka/baía_de_narragansett/baía_de_mobile/baía_de_massachusetts/baía_de_massachusetts/golfo_da_coreia/baía_de_james/baía_de_hangzhou/baía_de_galway/península_delmarva/baía_de_chesapeake/baía_de_chesapeake/baía_de_cape_cod/baía_de_fundy/baía_de_fundy/golfo_da_biscaia/golfo_da_biscaia/golfo_de_bengala/golfo_de_bengala/mar_de_andamão
expedição	expedição_de_lewis_e_clark
circunscrição	compra_da_luisiana/compra_da_luisiana/darfur/catalunha/cataluña/reino_de_castela/castela/aragão/samoa_americana/samoa_americana/natal/kwazulu-natal/sarawak/sabá/malásia_oriental/malásia_oriental/lake_district/lake_district/acre/marianas_do_norte/ilhas_marianas_do_norte/marianas_setentrionais/território_do_norte/yukón/yukon/nunavut/territórios_do_noroeste/territórios_do_noroeste/acádia/estados_pontifícios/estados_pontifícios/beócia/ática/monte_atos
arquiteto	james_wyatt/frank_lloyd_wright/obras_de_frank_lloyd_wright/frank_lloyd_wright/otto_wagner/robert_venturi/robert_venturi/john_vanbrugh/john_vanbrugh/kenzo_tange/louis_sullivan/louis_sullivan/albert_speer/albert_speer/jacques-germain_soufflot/eero_saarinen/eero_saarinen/augustus_welby_pugin/ieoh_ming_pei/ieoh_ming_pei/joseph_paxton/joseph_paxton/andrea_palladio/andrea_palladio/ludwig_mies_van_der_rohe/ludwig_mies_van_der_rohe/michelangelo_di_lodovico_buonarroti_simoni/michelangelo/françois_mansart/françois_mansart/adolf_loos/adolf_loos/maya_lin/leonardo_da_vinci/da_vinci/pierre_charles_l'enfant/le_corbusier/le_corbusier/benjamin_henry_latrobe/henri_labrouste/inigo_jones/inigo_jones/victor_horta/victor_horta/josef_hoffmann/josef_hoffmann/walter_gropius/walter_gropius/giotto_di_bondone/giotto_di_bondone/antoní_gaudí/buckminster_füller/philibert_de_l'orme/philibert_de_l'orme/filippo_brunelleschi/filippo_brunelleschi/donato_di_angelo_di_pascuccio/donato_di_angelo_di_pascuccio/hendrik_petrus_berlage/peter_behrens/peter_behrens/leon_battista_alberti/leon_battista_alberti/robert_adam/robert_adam/alvar_aalto/alvar_aalto
personagem	lancelote/lancelote/genebra/genebra/gauvain/gauvain/galaaz/galaaz/rei_artur/rei_arthur/rei_artur/rei_artur/rei_arthur/rei_artur/walter_mitty/walter_mitty/svengali/svengali/isolda/isolda/tristão/tristão/rumpelstichen/rumpelstichen/robinson_crusoé/robinson_crusoe/robinson_crusoe/robinson_crusoé/robinson_crusoe/robinson_crusoe/robin_hood/robin_hood/robin_hood/robin_hood/capuchinho_vermelho/capuchinho_vermelho/chapeuzinho_vermelho/capuchinho_vermelho/capuchinho_vermelho/chapeuzinho_vermelho/protagonista/protagonista/ali_babá/ali_babá/snoopy/snoopy/simbad/simbad/sherlock_holmes/sherlock_holmes/sherlock_holmes/sherlock_holmes/tio_sam/tio_sam/uncle_tom/uncle_tom/tom_sawyer/tom_sawyer/tom_sawyer/tom_sawyer/tarzan/tarzan/pluto/pluto/pierrot/pierrô/pierrot/pierrô/o_flautista_de_hamelin/o_flautista_de_hamelin/peter_pan/peter_pan/peter_pan/peter_pan/the_moor_of_venice/othello/o_mouro_de_veneza/otelo/o_mouro_de_veneza/the_moor_of_venice/othello/o_mouro_de_veneza/otelo/o_mouro_de_veneza/philip_marlowe/philip_marlowe/rei_lear/rei_lear/rei_lear/rei_lear/iago/iago/iago/iago/hamlet/hamlet/pateta/pateta/fausto/fausto/falstaff/falstaff/el_cid/el_cid/el_cid/el_cid/dom-quixote/dom_quixote/dom_quixote/dom-quixote/dom_quixote/dom_quixote/drácula/drácula/gataborralheira/cinderela/gataborralheira/cinderela/chicken_little/chicken_little/chicken_little/chicken_little/gato_de_cheshire/gato_de_cheshire/james_bond/james_bond/james_bond/james_bond/barbaazul/barba_azul/barbaazul/barba_azul/beowulf/beowulf/argonautas/argonautas/aladim/aladim
morro	san_juan_hill/flodden/palatino/sete_colinas_de_roma/peninos/montescheviot/sião/gólgota/calvário/areópago
pregação	sermão_da_montanha/sermão_da_montanha
hemisfério	hemisfério_sul
periferia	orly/wimbledon
era	depressão/grande_depressão/reconstrução_dos_estados_unidos/new_deal/renascimento_do_harlem/renascença_do_harlem/terror/revolução_industrial/renascença/renascença_italiana/renascentismo/renascimento/idade_média/idade-média/barroco/era_cristã/era_comum/califado/califados/era_elizabetana/período_elisabetano/iluminismo
biblioteca	national_library_of_medicine
relevo	america/américa/américas/continente_americano
subúrbio	orly/wimbledon
mediador	ed_sullivan/ed_sullivan
dr.	thomas_sydenham/thomas_sydenham/albert_schweitzer/albert_schweitzer/paracelso/edward_jenner/edward_jenner/george_huntington/william_harvey/william_harvey/christiaan_eijkman/christiaan_eijkman/robert_bárány/robert_bárány/avicena/averróis
milagre	ascensão_de_jesus/ascensão/ascensão_de_jesus
cantor	hank_williams/ethel_waters/sarah_vaughan/sarah_vaughan/barbra_streisand/barbra_streisand/bessie_smith/bessie_smith/paul_simon/paul_simon/paul_robeson/paul_robeson/édith_piaf/álbuns_de_roy_orbison/roy_orbison/roy_orbison/dean_martin/dean_martin/bob_marley/bob_marley/madonna/leadbelly/riley_b_king/king/b._b._king/janis_joplin/janis_joplin/al_jolson/al_jolson/michael_jackson/michael_jackson/mahalia_jackson/mahalia_jackson/julio_iglesias/julio_iglesias/lena_horne/lena_horne/judy_garland/judy_garland/ella_fitzgerald/ella_fitzgerald/bob_dylan/marlene_dietrich/marlene_dietrich/maurice_chevalier/maurice_chevalier/johnny_cash/pearl_bailey/pearl_bailey
rota	passagem_do_noroeste
intérprete	orson_welles/orson_welles/john_wayne/john_wayne/spencer_tracy/spencer_tracy/erich_von_stroheim/erich_von_stroheim/lee_strasberg/lee_strasberg/frank_sinatra/frank_sinatra/peter_sellers/george_c._scott/george_c._scott/edward_g._robinson/edward_g._robinson/ralph_richardson/ralph_richardson/robert_redford/robert_redford/sidney_poitier/sidney_poitier/peter_o'toole/peter_o'toole/laurence_olivier/laurence_olivier/paul_newman/paul_newman/dudley_moore/dudley_moore/robert_mitchum/robert_mitchum/james_mason/béla_lugosi/peter_lorre/harold_lloyd/harold_lloyd/jack_lemmon/jack_lemmon/bruce_lee/bruce_lee/charles_laughton/gene_kelly/gene_kelly/buster_keaton/buster_keaton/edmund_kean/edmund_kean/boris_karloff/boris_karloff/al_jolson/al_jolson/anthony_hopkins/anthony_hopkins/dustin_hoffman/dustin_hoffman/héming/rex_harrison/tom_hanks/alec_guinness/alec_guinness/cary_grant/cary_grant/mel_gibson/mel_gibson/david_garrick/clark_gable/clark_gable/henry_fonda/douglas_fairbanks_jr./douglas_fairbanks/jr./douglas_fairbanks/douglas_fairbanks/gerard_depardieu/gérard_depardieu/gérard_depardieu/de_niro/robert_de_niro/james_dean/james_dean/bing_crosby/bing_crosby/hume_cronyn/hume_cronyn/noel_coward/noël_coward/noel_coward/gary_cooper/gary_cooper/maurice_chevalier/maurice_chevalier/james_cagney/james_cagney/richard_burton/richard_burton/richard_burbage/john_wilkes_booth/john_wilkes_booth/humphrey_bogart/humphrey_bogart/john_barrymore/john_barrymore/lionel_barrymore/lionel_barrymore/fred_astaire/fred_astaire/woody_allen/woody_allen
frei	pelágio_da_bretanha/gregor_mendel/gregor_mendel/benedito/roger_bacon/roger_bacon
reservatório	lago_volta
fabricante	eli_whitney/eli_whitney/isaac_merrit_singer
ator	orson_welles/orson_welles/john_wayne/john_wayne/spencer_tracy/spencer_tracy/erich_von_stroheim/erich_von_stroheim/lee_strasberg/lee_strasberg/frank_sinatra/frank_sinatra/peter_sellers/george_c._scott/george_c._scott/edward_g._robinson/edward_g._robinson/ralph_richardson/ralph_richardson/robert_redford/robert_redford/sidney_poitier/sidney_poitier/peter_o'toole/peter_o'toole/laurence_olivier/laurence_olivier/paul_newman/paul_newman/dudley_moore/dudley_moore/robert_mitchum/robert_mitchum/james_mason/béla_lugosi/peter_lorre/harold_lloyd/harold_lloyd/jack_lemmon/jack_lemmon/bruce_lee/bruce_lee/charles_laughton/gene_kelly/gene_kelly/buster_keaton/buster_keaton/edmund_kean/edmund_kean/boris_karloff/boris_karloff/al_jolson/al_jolson/anthony_hopkins/anthony_hopkins/dustin_hoffman/dustin_hoffman/héming/rex_harrison/tom_hanks/alec_guinness/alec_guinness/cary_grant/cary_grant/mel_gibson/mel_gibson/david_garrick/clark_gable/clark_gable/henry_fonda/douglas_fairbanks_jr./douglas_fairbanks/jr./douglas_fairbanks/douglas_fairbanks/gerard_depardieu/gérard_depardieu/gérard_depardieu/de_niro/robert_de_niro/james_dean/james_dean/bing_crosby/bing_crosby/hume_cronyn/hume_cronyn/noel_coward/noël_coward/noel_coward/gary_cooper/gary_cooper/maurice_chevalier/maurice_chevalier/james_cagney/james_cagney/richard_burton/richard_burton/richard_burbage/john_wilkes_booth/john_wilkes_booth/humphrey_bogart/humphrey_bogart/john_barrymore/john_barrymore/lionel_barrymore/lionel_barrymore/fred_astaire/fred_astaire/woody_allen/woody_allen
roque	obelisco_espacial/obelisco_espacial/torredeeiffel/torre_eiffel/torre_eiffel/torre_cn/torre_cn
compositor	hugo_wolf/hugo_wolf/kurt_weill/kurt_weill/carl_maria_von_weber/william_walton/richard_wagner/richard_wagner/óperas_de_antonio_vivaldi/antonio_vivaldi/antonio_vivaldi/villa-lobos/heitor_villa-lobos/giuseppe_verdi/giuseppe_verdi/ralph_vaughan_williams/varese/georg_philipp_telemann/georg_philipp_telemann/piotr_ilitch_tchaikovsky/tchaikovsky/piotr_ilitch_tchaikovsky/thomas_tallis/thomas_tallis/arthur_seymour_sullivan/arthur_seymour_sullivan/igor_stravinski/composições_de_ígor_stravinski/ígor_stravinski/igor_stravinski/richard_strauss/óperas_de_richard_strauss/richard_strauss/johann_strauss/john_philip_sousa/john_philip_sousa/stephen_sondheim/stephen_sondheim/bedřich_smetana/bedřich_smetana/jean_sibelius/jean_sibelius/dmítri_shostakovitch/andrés_segovia/robert_schumann/robert_schumann/franz_schubert/composições_de_arnold_schoenberg/arnold_schonberg/arnold_schönberg/arnold_schönberg/erik_satie/composições_de_erik_satie/erik_satie/gioachino_rossini/sigmund_romberg/richard_rodgers/ottorino_respighi/steve_reich/steve_reich/maurice_ravel/composições_de_maurice_ravel/maurice_ravel/jean-philippe_rameau/jean-philippe_rameau/jean_philippe_rameau/sergei_rachmaninoff/sergei_rachmaninoff/henry_purcell/henry_purcell/giacomo_puccini/giacomo_puccini/serguei_prokofiev/serguei_prokófiev/serguei_prokofiev/francis_poulenc/francis_poulenc/cole_porter/cole_porter/walter_piston/walter_piston/giovanni_pierluigi_da_palestrina/giovanni_pierluigi_da_palestrina/álbuns_de_roy_orbison/roy_orbison/roy_orbison/jacques_offenbach/jacques_offenbach/carl_nielsen/modest_mussorgsky/modest_mussorgsky/composições_de_modest_mussorgsky/wolfgang_amadeus_mozart/wolfgang_amadeus_mozart/claudio_monteverdi/darius_milhaud/darius_milhaud/giacomo_meyerbeer/giacomo_meyerbeer/óperas_de_giacomo_meyerbeer/gian_carlo_menotti/giancarlo_menotti/gian-carlo_menotti/jakob_ludwig_felix_mendelssohn-bartholdy/felix_mendelssohn/mendelssohn/jules_massenet/jules_massenet/gustav_mahler/gustav_mahler/edward_macdowell/edward_macdowell/óperas_de_jean-baptiste_lully/jean-baptiste_lully/jean-baptiste_lully/jean_baptiste_lully/andrew_lloyd_webber/andrew_lloyd_webber/franz_liszt/franz_liszt/franz_lehar/franz_lehár/franz_lehár/leadbelly/constant_lambert/aram_khachaturian/jerome_kern/jerome_kern/aram_kachaturian/scott_joplin/joaquim/joseph_joachim/jacques_ibert/jacques_ibert/engelbert_humperdinck/engelbert_humperdinck/arthur_honegger/arthur_honegger/paul_hindemith/paul_hindemith/joseph_haydn/joseph_haydn/w._c._handy/w._c._handy/georg_friedrich_händel/georg_friedrich_händel/georg_friedrich_handel/jacques_fromental_halévy/edvard_grieg/edvard_grieg/percy_grainger/percy_grainger/charles_gounod/charles_gounod/christoph_willibald_gluck/christoph_willibald_gluck/mikhail_glinka/mikhaïl_glinka/mikhail_glinka/george_gershwin/george_gershwin/césar_franck/césar_franck/cesar_franck/manuel_de_falla/george_enescu/dvorak/antonin_dvorak/paul_dukas/paul_dukas/john_dowland/gaetano_donizetti/gaetano_donizetti/frederick_delius/léo_delibes/léo_delibes/leo_delibes/claude_debussy/claude_debussy/noel_coward/noël_coward/noel_coward/françois_couperin/françois_couperin/arcangelo_corelli/arcangelo_corelli/aaron_copland/aaron_copland/luigi_cherubini/carlos_chávez/carlos_chávez/john_cage/john_cage/william_byrd/anton_bruckner/anton_bruckner/max_bruch/max_bruch/benjamin_britten/composições_de_benjamin_britten/benjamin_britten/johannes_brahms/johannes_brahms/pierre_boulez/pierre_boulez/ernest_bloch/ernest_bloch/georges_bizet/georges_bizet/leonard_bernstein/leonard_bernstein/hector_berlioz/hector_berlioz/alban_berg/alban_berg/vincenzo_bellini/vincenzo_bellini/ludwig_van_beethoven/béla_bartok/béla_bartók/bela_bartok/bela_bartók/samuel_barber/samuel_barber/bach/johann_sebastian_bach/johann_sebastian_bach/ambrósio_de_milão/ambrósio_de_milão
catedral	catedral_de_chartres/catedral_de_chartres
músico	carl_orff/carl_orff/carl_orff/carl_orff/yoko_ono/yoko_ono/yoko_ono/yoko_ono
estudioso	marco_terêncio_varrão/marco_terêncio_varrão/lourenço_de_médici/lourenço_de_médici
cronista	xenofonte/elie_wiesel/elie_wiesel/frederick_jackson_turner/barbara_tuchman/tucídides/públio_cornélio_tácito/saxo_grammaticus/cyril_northcote_parkinson/cyril_northcote_parkinson/alfred_thayer_mahan/alfred_thayer_mahan/tito_lívio/john_knox/john_knox/flávio_josefo/flavio_josefo/flávio_josefo/heródoto_de_halicarnasso/heródoto/hérodoto/john_hope_franklin/eusébio_de_cesareia/eusébio_de_cesaréia/will_durant/will_durant/thomas_carlyle/thomas_carlyle/beda/hannah_arendt/hannah_arendt
herói	armínio
torre	obelisco_espacial/obelisco_espacial/torredeeiffel/torre_eiffel/torre_eiffel/torre_cn/torre_cn
cais	pearl_harbor/pearl_harbor/cesareia
príncipe	filipe/felipe/filipe/felipe/ciro/ciro_o_jovem/o_jovem/ciro/ciro_o_jovem/o_jovem/bela_adormecida/dido
cirurgião	walter_reed/walter_reed/alexis_carrel/alexis_carrel
aldeia	rock_springs/laramie/wausau/eau_claire/harpers_ferry/yakima/vancouver/kennewick/bellingham/fredericksburg/rutland/san_angelo/paris/midland/mcallen/mcallen/lufkin/galveston/johnson_city/johnson_city/rapid_city/rapid_city/hershey/gettysburg/muskogee/enid/bartlesville/mansfield/wilmington/asheville/watertown/saratoga_springs/ithaca/princeton/portsmouth/great_falls/são_josé/são_josé/columbia/nyssa/natchez/greenville/columbo/bemidji/monroe/marquette/kalamazoo/plymouth/medford/frederico/brunsvique/bangor/morgan_city/monroe/salina/lawrence/kansas/hays/ottumwa/mason_city/dubuque/lafayette/moline/lest_saint_louis/champaign/cairo/pocatello/lewiston/valdosta/west_palm_beach/west_palm_beach/sarasota/pensacola/key_west/fort_myers/fort_myers/daytona_beach/daytona_beach/boulder/california/san_pablo/san_mateo/san_mateo/palo_alto/palo_alto/monterey/eureka/pine_bluff/pine_bluff/skagway/nome/selma/decatur/entebbe/chalkedon/antioquia/abidos/interlaken/dhahran/cusco/monte_carlo/vichy/dunquerque/chartres/chablis/calais/calé/avinhão/saqqara/nag_hammadi/nag_hammadi/aberdare/cantuária/hastings/sunderland/stratford_upon_avon/stratford-upon-avon/stratford-upon-avon/blackpool/somerset/bath/waterloo/yellowknife/agrigento/anzio/belém/nazaré/acre/platéias/plateias/áccio/âccio/cnossos/mariehamn/maçuá/hohenlinden/hamelin/plzen/plzeň/nogales/timgad/reggane/hipona/jalalabad
atleta	babe_didrikson_zaharias/jim_thorpe/jim_thorpe/jesse_owens/jesse_owens/dick_fosbury
pintor	andy_warhol/andy_warhol/édouard_vuillard/edouard_vuillard/maurice_de_vlaminck/giorgio_vasari/giorgio_vasari/victor_vasarely/victor_vasarely/vincent_van_gogh/vincent_van_gogh/maurice_utrillo/william_turner/john_trumbull/giovanni_battista_tiepolo/giovanni_battista_tiepolo/gilbert_stuart/frank_stella/frank_stella/chaim_soutine/chaïm_soutine/david_siqueiros/david_siqueiros/georges_seurat/georges_seurat/john_singer_sargent/henri_rousseau/mark_rothko/mark_rothko/jackson_pollock/jackson_pollock/pablo_picasso/pablo_picasso/maxfield_parrish/maxfield_parrish/bartolomé_esteban_murillo/bartolomé_esteban_murillo/edvard_munch/edvard_munch/samuel_morse/samuel_morse/claude_monet/joan_miró/pinturas_de_henri_matisse/henri_matisse/henri_matisse/andrea_mantegna/andrea_mantegna/édouard_manet/kazimir_malevich/kazimir_malevich/rene_magritte/rené_magritte/rené_magritte/lawrence_stephen_lowry/lawrence_stephen_lowry/roy_lichtenstein/roy_lichtenstein/fernand_léger/fernand_léger/lee_krasner/franz_kline/gustav_klimt/gustav_klimt/paul_klee/paul_klee/ernst_ludwig_kirchner/ernst_ludwig_kirchner/kent/wassily_kandinsky/wassily_kandinsky/jean-auguste-dominique_ingres/winslow_homer/katsushika_hokusai/katsushika_hokusai/francisco_de_goya/francisco_de_goya/alberto_giacometti/alberto_giacometti/paul_gauguin/paul_gauguin/pinturas_de_paul_gauguin/thomas_gainsborough/thomas_gainsborough/roger_fry/jean_honoré_fragonard/jean_honore_fragonard/max_ernst/max_ernst/raoul_dufy/andré_derain/eugène_delacroix/eugène_delacroix/eugene_delacroix/willem_de_kooning/edgar_degas/edgar_degas/jacques-louis_david/honoré_daumier/salvador_dalí/gustave_courbet/gustave_courbet/jean-baptiste_camille_corot/jean-baptiste_camille_corot/jean-baptiste-camille_corot/john_constable/john_constable/giorgio_de_chirico/marc_chagall/marc_chagall/paul_cézanne/paul_cézanne/paul_cezanne/georges_braque/georges_braque/william_blake/william_blake/leon_battista_alberti/leon_battista_alberti
montanha	san_juan_hill/black_hills/flodden/palatino/sete_colinas_de_roma/peninos/montescheviot/sião/gólgota/calvário/areópago
rainha	maria_i_da_escócia/maria_i_da_escócia/liliuokalani/cleópatra_vii/cleópatra
povoado	rock_springs/laramie/wausau/eau_claire/harpers_ferry/yakima/vancouver/kennewick/bellingham/fredericksburg/rutland/san_angelo/paris/midland/mcallen/mcallen/lufkin/galveston/johnson_city/johnson_city/rapid_city/rapid_city/hershey/gettysburg/muskogee/enid/bartlesville/mansfield/wilmington/asheville/watertown/saratoga_springs/ithaca/princeton/portsmouth/great_falls/são_josé/são_josé/columbia/nyssa/natchez/greenville/columbo/bemidji/monroe/marquette/kalamazoo/plymouth/medford/frederico/brunsvique/bangor/morgan_city/monroe/salina/lawrence/kansas/hays/ottumwa/mason_city/dubuque/lafayette/moline/lest_saint_louis/champaign/cairo/pocatello/lewiston/valdosta/west_palm_beach/west_palm_beach/sarasota/pensacola/key_west/fort_myers/fort_myers/daytona_beach/daytona_beach/boulder/california/san_pablo/san_mateo/san_mateo/palo_alto/palo_alto/monterey/eureka/pine_bluff/pine_bluff/skagway/nome/selma/decatur/entebbe/chalkedon/antioquia/abidos/interlaken/dhahran/cusco/monte_carlo/vichy/dunquerque/chartres/chablis/calais/calé/avinhão/saqqara/nag_hammadi/nag_hammadi/aberdare/cantuária/hastings/sunderland/stratford_upon_avon/stratford-upon-avon/stratford-upon-avon/blackpool/somerset/bath/waterloo/yellowknife/agrigento/anzio/belém/nazaré/acre/platéias/plateias/áccio/âccio/cnossos/mariehamn/maçuá/hohenlinden/hamelin/plzen/plzeň/nogales/timgad/reggane/hipona/jalalabad
percurso	passagem_do_noroeste
patriota	giuseppe_mazzini/giuseppe_mazzini/giuseppe_garibaldi/giuseppe_garibaldi
monumento	monumento_a_washington/monumento_à_washington/estátua_da_liberdade/estátua_da_liberdade/estatua_da_liberdade/pirâmide/lincoln_memorial
filósofo	zenão_de_eleia/zenão_de_eléia/zenão_de_eléia/zenão_de_cítio/zenão_de_cítio/xenófanes/ludwig_wittgenstein/ludwig_wittgenstein/alfred_north_whitehead/alfred_north_whitehead/simone_weil/simone_weil/teofrasto/tales_de_mileto/teilhard_de_chardin/teilhard_de_chardin/rabindranath_tagore/rabindranath_tagore/dugald_stewart/dugald_stewart/rudolf_steiner/rudolf_steiner/baruch_de_espinoza/bento_de_espinoza/oswald_spengler/herbert_spencer/herbert_spencer/sócrates/socrates/séneca/seneca/sêneca/albert_schweitzer/albert_schweitzer/arthur_schopenhauer/bertrand_russell/bertrand_russell/jean-jacques_rousseau/sarvepalli_radhakrishnan/willard_van_orman_quine/pitagoras/pitágoras/plotino/platão/platao/charles_sanders_peirce/charles_sanders_peirce/blaise_pascal/blaise_pascal/parmênides_de_eléia/parmênides_de_eleia/josé_ortega_y_gasset/josé_ortega_y_gasset/orígenes/william_de_ockham/william_de_ockham/friedrich_nietzsche/friedrich_nietzsche/george_edward_moore/george_edward_moore/charles_de_montesquieu/charles_de_montesquieu/james_mill/james_mill/george_herbert_mead/karl_marx/herbert_marcuse/herbert_marcuse/maimonides/maimónides/maimônides/nicolau_maquiavel/nicolau_maquiavel/ernst_mach/ernst_mach/lucrécio/john_locke/john_locke/gottfried_leibniz/gottfried_leibniz/søren_kierkegaard/søren_kierkegaard/immanuel_kant/immanuel_kant/james/william_james/william_james/hipátia/hipatia/edmund_husserl/edmund_husserl/david_hume/thomas_hobbes/thomas_hobbes/johann_friedrich_herbart/heráclito_de_éfeso/heráclito_de_éfeso/georg_wilhelm_friedrich_hegel/georg_wilhelm_friedrich_hegel/epicuro/epiteto/empédocles/diógenes/denis_diderot/denis_diderot/john_dewey/john_dewey/rené_descartes/jacques_derrida/jacques_derrida/demócrito_de_abdera/demócrito_de_abdera/demócrito/confúcio/marie_jean_antoine_nicolas_caritat/marie_jean_antoine_nicolas_caritat/auguste_comte/auguste_comte/ernst_cassirer/ernst_cassirer/martin_buber/martin_buber/giordano_bruno/boécio/george_berkeley/george_berkeley/henri_bergson/henri_bergson/jeremy_bentham/jeremy_bentham/francis_bacon/avicena/averróis/aristotéles/aristóteles/aristoteles/hannah_arendt/hannah_arendt/anaximandro_de_mileto/anaximandro_de_mileto/anaxágoras_de_clazómenas/anaxágoras_de_clazômenas/pedro_abelardo/abelardo/pedro_abelardo
depressão	grande_depressão
revoluções	revolução_de_fevereiro/revolução_mexicana/revolução_mexicana/revolução_francesa/revolução_francesa/revoluçao_francesa/revolução_gloriosa/revolução_gloriosa/revolução_cubana/revolução_cubana/revolução_comunista_chinesa/guerra_da_independência_dos_estados_unidos_da_américa
locação	latrão
furna	lascaux/gruta_de_fingal
assédio	siracusa/pleven/orleães/dien_bien_phu/corregidor/atlanta/batalha_do_alamo
templo	templo_de_ártemis/partenon/parténon/pártenon/templo_de_ártemis/templo_de_diana
artífice	william_morris/william_morris
vizinhança	rive_droite/montmartre/rive_gauche
selva	sherwood/floresta_negra/floresta_negra
parede	muralha_de_adriano/muralha_de_adriano/muro_das_lamentações
lua	tritão
fotógrafo	edward_weston/edward_weston/dorothea_lange/dorothea_lange/alfred_eisenstaedt
espada	excalibur
presidenta	vigdís_finnbogadóttir/vigdís_finnbogadóttir
negociante	george_stephenson/george_stephenson/leland_stanford
deportação	captividade_babilônica
delimitação	linha_de_controle
arraial	rock_springs/laramie/wausau/eau_claire/harpers_ferry/yakima/vancouver/kennewick/bellingham/fredericksburg/rutland/san_angelo/paris/midland/mcallen/mcallen/lufkin/galveston/johnson_city/johnson_city/rapid_city/rapid_city/hershey/gettysburg/muskogee/enid/bartlesville/mansfield/wilmington/asheville/watertown/saratoga_springs/ithaca/princeton/portsmouth/great_falls/são_josé/são_josé/columbia/nyssa/natchez/greenville/columbo/bemidji/monroe/marquette/kalamazoo/plymouth/medford/frederico/brunsvique/bangor/morgan_city/monroe/salina/lawrence/kansas/hays/ottumwa/mason_city/dubuque/lafayette/moline/lest_saint_louis/champaign/cairo/pocatello/lewiston/valdosta/west_palm_beach/west_palm_beach/sarasota/pensacola/key_west/fort_myers/fort_myers/daytona_beach/daytona_beach/boulder/california/san_pablo/san_mateo/san_mateo/palo_alto/palo_alto/monterey/eureka/pine_bluff/pine_bluff/skagway/nome/selma/decatur/entebbe/chalkedon/antioquia/abidos/interlaken/dhahran/cusco/monte_carlo/vichy/dunquerque/chartres/chablis/calais/calé/avinhão/saqqara/nag_hammadi/nag_hammadi/aberdare/cantuária/hastings/sunderland/stratford_upon_avon/stratford-upon-avon/stratford-upon-avon/blackpool/somerset/bath/waterloo/yellowknife/agrigento/anzio/belém/nazaré/acre/platéias/plateias/áccio/âccio/cnossos/mariehamn/maçuá/hohenlinden/hamelin/plzen/plzeň/nogales/timgad/reggane/hipona/jalalabad
psicanalista	wilhelm_reich/wilhelm_reich/melanie_klein/melanie_klein/sigmund_freud/sigmund_freud
metrópole	bulawayo/al_mukalla/al_mukalla/al_hudaydah/al_hudaydah/aden/adem/áden/haiphong/hai_phong/cidade_de_ho_chi_minh/cidade_de_ho_chi_minh/valência/maracay/maracaibo/maracaíbo/cumaná/ciudad_bolívar/ciudad_bolívar/estado_da_cidade_do_vaticano/cidade_do_vaticano/santa_sé/vaticano/milwaukee/parkersburg/huntington/spokane/washington/seattle/virginia_beach/virginia_beach/roanoke/newport_news/newport_news/burlington/wichita_falls/wichita_falls/waco/san_antonio/san_antonio/texas/odessa/lubbock/texas/houston/garland/fort_worth/fort_worth/el_paso/el_paso/dallas/texas/corpus_christi/corpus_christi/arlington/knoxville/charleston/rhode_island/newport/scranton/pittsburgh/filadélfia/pensilvânia/chester/erie/youngstown/cincinnati/cleveland/winston-salem/greensboro/carlota/utica/binghamton/nova_iorque/nova_york/buffalo/albuquerque/newark/camden_town/camden_town/baiona/manchester/las_vegas/omaha/springfield/minneapolis/grand_rapids/grand_rapids/flint/detroit/ann_arbor/ann_arbor/springfield/maryland/baltimore/portland/shreveport/new_orleans/nova_orleães/louisville/kansas_city/cidade_sioux/sioux_city/cedar_rapids/iowa/south_bend/indiana/gary/indiana/fort_wayne/chicago/savannah/são_petersburgo/st._augustine/st._augustine/miami_beach/miami/fort_lauderdale/fort_lauderdale/new_haven/new_haven/santa_ana/são_francisco/san_francisco/san_diego/san_diego/san_bernardino/san_bernardino/los_angeles/los_angeles/chula_vista/bakersfield/califórnia/anaheim/mobile/alabama/birmingham/dubai/sardes/pergamo/pérgamo/bursa/constantinopla/istambul/halicarnasso/antália/adana/sousse/sfax/gafsa/dodoma/lataquia/alepo/zurique/lausana/genebra/basileia/basiléia/omdurman/port_sudan/port_sudan/valencia/valência/espanha/valència/saragoça/toledo/sevilha/são_sebastião/oviedo/malaga/málaga/logroño/jerez_de_la_frontera/jerez_de_la_frontera/granada/córdova/córdoba/cartagena/cartagena_das_índias/cádis/barcelona/samarcanda/almaty/ialta/sebastopol/odessa/carcóvia/dnipropetrovsk/chornobyl/chernóbil/chernobil/chernobyl/donetsk/kaunas/klaipėda/klaipeda/daugavpils/liepāja/tartu/pinsk/vladivostok/omsk/cheliabinsk/novosibirsk/volgogrado/ufa/ufa/smoleńsk/smolensk/saratov/rostov_do_don/rostov_do_don/perm/veliky_novgorod/nalchik/murmansk/piter/são_petersburgo/petrogrado/leningrado/petersburgo/cazã/kazan/kursk/khabarovsk/grozni/grozny/grózni/astracã/soweto/bloemfontein/durban/joanesburgo/cidadedocabo/cidade_do_cabo/cidade_do_cabo/hargeisa/taif/jidá/medina/papeete/setúbal/setubal/distrito_do_porto/porto/braga/zabrze/wrocław/breslávia/lublin/katowice/częstochowa/cracóvia/bydgoszcz/cidade_quezón/cidade_quezon/cebu/arequipa/rawalpindi/peshawar/lahore/carachi/hyderabad/faisalabad/zaria/maiduguri/lagos/katsina/ibadan/christchurch/auclanda/auckland/beira/tânger/tanger/oujda/marraquexe/marrakech/fez/casablanca/tombuctu/kuala_lumpur/kuala_lumpur/bengasi/tiro/sidom/sidon/sídon/trípoli/incheon/utrecht/leida/roterdão/nimegue/eindhoven/a_haia/haia/arnhemia/arnhem/apeldoorn/tamale/kumasi/versalhes/tours/toulouse/tolosa/toulon/estrasburgo/reims/nice/nantes/nancy/marselha/lyon/lille/le_havre/le_havre/grenoble/dijon/cannes/bordeaux/bordéus/mombaça/aqaba/toyota_motor/toyota_motor/toyota/nagasaki/fukuoka/kitakyushu/sapporo/hiroshima/quioto/kobe/kōbe/yokohama/osaka/nagoya/nagano/ninive/nínive/assur/babilônia/babilonia/babilónia/edirne/filipos/mossul/kirkuk/karbala/baçorá/baçora/persepólis/persépolis/persepolis/urmia/tabriz/shiraz/syrah/xiraz/isfahan/meshed/semarang/medan/bandung/mysore/lucknow/chennai/hyderabad/andhra_pradesh/agra/bombaim/bombaím/calcutá/jabalpur/bangalore/déli/deli/suez/luxor/lúxor/mênfis/menfis/guizé/assuão/alexandria/swansea/newport/glasgow/aberdeen/waterford/limerick/galway/cork/northampton/worcester/winchester/sheffield/leitura/gloucester/coventry/portsmouth/leicester/leeds/brístol/bristol/brighton/cambridge/oxford/birmingham/liverpool/hull/manchéster/manchester/são_paulo/são_josé_dos_campos/são_joão_de_meriti/são_gonçalo/são_bernardo_do_campo/santos/recife/rio_de_janeiro/rio/osasco/limeira/governador_valadares/joão_pessoa/curitiba/belo_horizonte/belém/santa_maria_de_belém/sucre/liège/liége/gante/charleroi/bruges/antuerpia/antuérpia/chittagong/innsbruck/salzburgo/linz/graz/saskatoon/montréal/montreal/thunder_bay/thunder_bay/hamilton/vancouver/calgary/split/dubrovnik/ragusa/sarajevo/brasov/braşov/verona/veneza/pádua/padua/trento/firenze/florença/palermo/bari/turim/pisa/milão/la_spezia/la_spezia/cremona/genova/gênova/génova/brindisi/bologna/bolonha/messina/nápoles/ferrara/bréscia/bolzano/tirol_meridional/áquila/l'aquila/herculano/pompeia/pompéia/bizâncio/bisâncio/samaria/jaffa/haifa/tel_aviv/tel_aviv-yafo/tel-aviv/sodoma/nablus/salônica/salonica/salónica/tebas/troia/tróia/pátras/patras/éfeso/esparta/micenas/delfos/argos/corinto/corínto/tampere/espoo/guaiaquil/wurtzburgo/wiesbaden/estugarda/rostock/potsdam/nuremberga/alemães_de_munique/munique/mannheim/lubeck/lübeck/hanôver/hanóver/hamburgo/hamburg/frankfurt-am-main/frankfurt/essen/dusseldorf/düsseldorf/braunschweig/bransvique/colônia/colónia/bona/bonn/weimar/solingen/lípsia/leipzig/dresden/dortmund/chemnitz/bremerhaven/bremen/aachen/aquisgrano/uppsala/gotemburgo/lund/malmö/trondheim/stavanger/bergen/ålborg/alborg/århus/arhus/cotonou/ostrava/brno/montego_bay/montego_bay/san_juan/santiago_de_los_caballeros/guantanamo/guantánamo/guantânamo/santiago_de_cuba/santiago_de_cuba/villahermosa/veracruz/tuxtla_gutiérrez/tuxtla_gutiérrez/tijuana/torreón/tampico/tepic/san_luis_potosí/san_luis_potosí/puebla/monterrei/mexicali/mazatlán/hermosillo/guadalajara/durango/culiacán/ciudad_victoria/ciudad_victoria/ciudad_juárez/ciudad_juárez/acapulco/cancun/cancún/mérida/san_pedro_sula/san_pedro_sula/abidjan/abijão/abijã/lubumbashi/kananga/goma/cartagena_das_índias/cartagena_das_índias/medellín/medellin/cali/cáli/barranquilla/hong-kong/hong_kong_-_região_administrativa_especial_da_china/região_admin._especial_da_china/hong_kong/hongkong/taichung/hohhot/xian/xi'an/wuhan/tianjin/tangshan/taiyuan/shenyang/xangai/nanjing/nanquim/nanning/nanchang/hangzhou/luoyang/dalian/lanzhou/cantão/chongqing/viña_del_mar/viña_del_mar/valparaíso/temuco/punta_arenas/antofagasta/kandy/duala/moulmein/mandalay/varna/plovdiv/dobrich/rosário/rosario/mörön/córdova/bahía_blanca/bahía_blanca/hamilton/lobito/huambo/orã/blida/annaba/durrës/mazar-e_sharif/mazar-e_sharif/kandahar/herat/colossos
planeta	hésperos/vênus/vénus
colina	san_juan_hill/flodden/palatino/sete_colinas_de_roma/peninos/montescheviot/sião/gólgota/calvário/areópago
muro	muralha_de_adriano/muralha_de_adriano/muro_das_lamentações
maestro	carl_maria_von_weber/guálter/gualtério/bruno_walter/arturo_toscanini/arturo_toscanini/george_szell/george_szell/leopold_stokowski/leopold_stokowski/seiji_ozawa/eugene_ormandy/eugene_ormandy/gustav_mahler/gustav_mahler/constant_lambert/sergei_koussevitzky/paul_hindemith/paul_hindemith/arthur_fiedler/benjamin_britten/composições_de_benjamin_britten/benjamin_britten/leonard_bernstein/leonard_bernstein
bando	plêiades/plêiades_m45/omega_centauri
signo	pisces/peixes/aquário/capricórnio/sagitário/escorpião/escorpião/libra/balança/virgem/leão/câncer/câncer/gémeos/gêmeos/gêmeos/touro/taurus/constelação_de_taurus/áries
ladeira	san_juan_hill/flodden/palatino/sete_colinas_de_roma/peninos/montescheviot/sião/gólgota/calvário/areópago
florestas	sherwood/floresta_negra/floresta_negra
deserto	deserto_do_thar/taklamakan/takla-makan/takla-makan/takla_makan/deserto_de_sonora/saara/deserto_do_saara/núbia/negev/deserto_do_namibe/deserto_do_namibe/deserto_de_mojave/deserto_de_mojave/deserto_da_líbia/kyzyl_kum/kyzyl_kum/kalahari/grande_deserto_de_vitória/deserto_de_góbi/deserto_de_gobi/vale_da_morte/kavir/deserto_de_chihuahua/deserto_do_atacama/deserto_do_atacama/deserto_da_arábia
bandido	jesse_james/jesse_james
oceano	pacífico/oceano_pacífico/índico/oceano_índico/oceano_atlântico/atlântico/oceano_atlântico/oceano_árctico/oceano_ártico/oceano_antárctico/oceano_antártico
freira	madre_teresa_de_calcutá/teresa/madre_teresa_de_calcutá
frade	pelágio_da_bretanha/gregor_mendel/gregor_mendel/benedito/roger_bacon/roger_bacon
bíblia	versão_do_rei_james/vulgata
portão	portão_dipylon
madre	madre_teresa_de_calcutá/teresa/madre_teresa_de_calcutá
estátua	estátua_da_liberdade/estátua_da_liberdade/estatua_da_liberdade/estátua_da_liberdade/estátua_da_liberdade/estatua_da_liberdade/colosso_de_rodes/colosso_de_rodes/colosso_de_rodes/colosso_de_rodes
religiosa	madre_teresa_de_calcutá/teresa/madre_teresa_de_calcutá
enfermeiro	margaret_sanger/margaret_sanger/florence_nightingale/florence_nightingale/edith_cavell
psicólogo	burrhus_frederic_skinner/burrhus_frederic_skinner/herbert_simon/herbert_simon/carl_rogers/carl_rogers/jean_piaget/jean_piaget/timothy_leary/timothy_leary/carl_gustav_jung/carl_gustav_jung/james/william_james/william_james/alfred_binet/alfred_binet
freiras	madre_teresa_de_calcutá/teresa/madre_teresa_de_calcutá
relógio	big_ben/big_ben
marujo	alexander_selkirk/alexander_selkirk
itinerário	passagem_do_noroeste
extrato	haftorá
enfermeira	margaret_sanger/margaret_sanger/florence_nightingale/florence_nightingale/edith_cavell
chão	america/américa/américas/continente_americano
cercania	rive_droite/montmartre/rive_gauche
antagonista	anticristo
borda	linha_de_controle
tripulante	alexander_selkirk/alexander_selkirk
museus	museu_do_louvre/louvre/basílica_de_santa_sofia/basílica_de_santa_sofia
erudito	marco_terêncio_varrão/marco_terêncio_varrão/lourenço_de_médici/lourenço_de_médici
desportista	babe_didrikson_zaharias/jim_thorpe/jim_thorpe/jesse_owens/jesse_owens/dick_fosbury
conchavo	compromisso_do_missouri/compromisso_do_missouri
artesão	william_morris/william_morris
xadrez	newgate
punhado	plêiades/plêiades_m45/omega_centauri
meio-termo	compromisso_do_missouri/compromisso_do_missouri
inimizade	guerra_fria/guerra_fria
designer	james_wyatt/frank_lloyd_wright/obras_de_frank_lloyd_wright/frank_lloyd_wright/charles_frederick_worth/otto_wagner/gianni_versace/gianni_versace/robert_venturi/robert_venturi/john_vanbrugh/john_vanbrugh/kenzo_tange/louis_sullivan/louis_sullivan/albert_speer/albert_speer/jacques-germain_soufflot/elsa_schiaparelli/eero_saarinen/eero_saarinen/augustus_welby_pugin/ieoh_ming_pei/ieoh_ming_pei/joseph_paxton/joseph_paxton/andrea_palladio/andrea_palladio/ludwig_mies_van_der_rohe/ludwig_mies_van_der_rohe/michelangelo_di_lodovico_buonarroti_simoni/michelangelo/françois_mansart/françois_mansart/adolf_loos/adolf_loos/maya_lin/leonardo_da_vinci/da_vinci/pierre_charles_l'enfant/le_corbusier/le_corbusier/benjamin_henry_latrobe/henri_labrouste/inigo_jones/inigo_jones/victor_horta/victor_horta/josef_hoffmann/josef_hoffmann/walter_gropius/walter_gropius/giotto_di_bondone/giotto_di_bondone/antoní_gaudí/buckminster_füller/philibert_de_l'orme/philibert_de_l'orme/filippo_brunelleschi/filippo_brunelleschi/donato_di_angelo_di_pascuccio/donato_di_angelo_di_pascuccio/hendrik_petrus_berlage/peter_behrens/peter_behrens/cristóbal_balenciaga/leon_battista_alberti/leon_battista_alberti/robert_adam/robert_adam/alvar_aalto/alvar_aalto
constelação	vulpecula/constelação_de_vulpecula/volans/constelação_de_volans/constelação_de_virgo/virgem/virgo/vela/constelação_de_vela/constelação_de_tucana/tucana/triangulum_australe/triangulum_australe/triângulo/constelação_de_triangulum/triangulum/telescopium/constelação_de_telescopium/taurus/touro/constelação_de_crux/crux/constelação_de_serpens/serpens/escultores/escorpião/scorpius/constelação_de_scorpius/sagittarius/sagitário/sagitta/reticulum/constelação_de_reticulum/pyxis/constelação_de_pyxis/constelação_de_puppis/puppis/pisces/constelação_de_pisces/peixes/pictor/constelação_de_pictor/constelação_de_phoenix/phoenix/perseus/constelação_de_perseus/constelação_de_pegasus/pegasus/pavão/ophiuchus/constelação_de_ophiuchus/octans/constelação_de_octans/norma/constelação_de_musca/musca/microscopium/constelação_de_microscopium/lyra/constelação_de_lyra/lupus/constelação_de_lupus/ursa_minor/ursa_minor/constelação_de_ursa_minor/balança/libra/constelação_de_libra/león/constelação_de_leo/leo/leão/constelação_de_hydrus/hydrus/hidra/hércules/constelação_de_hercules/constelação_de_grus/grus/constelação_de_ursa_major/ursa_major/ursa_major/gêmeos/gemini/constelação_de_fornax/fornax/dragão/dragões/dragão/constelação_de_dorado/dorado/constelação_de_delphinus/delphinus/corvus/constelação_de_corvus/corona_borealis/corona_borealis/constelação_de_corona_borealis/coma_berenices/coma_berenices/constelação_de_coma_berenices/circinus/constelação_de_chamaeleon/chamaeleon/cetus/constelação_de_cetus/constelação_de_cepheus/cepheus/centaurus/constelação_de_centaurus/cassiopeia/constelação_de_cassiopeia/cassiopéia/carina/constelação_de_carina/capricornus/capricórnio/canis_minor/canis_minor/constelação_de_canis_minor/constelação_de_canis_major/canis_major/canis_major/cancer/constelação_de_cancer/câncer/caelum/constelação_de_caelum/boötes/constelação_de_boötes/auriga/áries/constelação_de_aries/aries/aquila/constelação_de_aquarius/aquarius/ânfora/constelação_de_apus/apus/antlia/constelação_de_antlia/andrômeda/andrómeda/galáxia_de_andrómeda/galáxia_de_andrômeda
subúrbios	orly/wimbledon
satélites	tritão
dragão	fafnir
beira-mar	eólia/barbária/costa_da_berbéria/costa_barbaresca/costa_berberisca
tapera	deserto_do_thar/taklamakan/takla-makan/takla-makan/takla_makan/deserto_de_sonora/saara/deserto_do_saara/núbia/negev/deserto_do_namibe/deserto_do_namibe/deserto_de_mojave/deserto_de_mojave/deserto_da_líbia/kyzyl_kum/kyzyl_kum/kalahari/grande_deserto_de_vitória/deserto_de_góbi/deserto_de_gobi/vale_da_morte/kavir/deserto_de_chihuahua/deserto_do_atacama/deserto_do_atacama/deserto_da_arábia
sermão	sermão_da_montanha/sermão_da_montanha
fotógrafa	edward_weston/edward_weston/dorothea_lange/dorothea_lange/alfred_eisenstaedt
escavação	biblo/biblos/byblos/byblo
bosque	sherwood/floresta_negra/floresta_negra
aglomerado	plêiades/plêiades_m45/omega_centauri
palácios	palácio_de_versalhes/versalhes/palácio_de_versalhes/palácio_das_tulherias/palácio_de_latrão/palácio_de_latrão/alhambra
muralha	muralha_de_adriano/muralha_de_adriano/muro_das_lamentações
monge	pelágio_da_bretanha/gregor_mendel/gregor_mendel/benedito/roger_bacon/roger_bacon
malfeitor	jesse_james/jesse_james
itinerários	passagem_do_noroeste
excerto	haftorá
espião	mata_hari/mata_hari
escape	underground_railroad/hégira
enfermeiros	margaret_sanger/margaret_sanger/florence_nightingale/florence_nightingale/edith_cavell
divindade	quetzalcóatl/quetzalcoatl/arhat/bodisatvas/bodisatva/bodisatva/morfeu/hipnos/demogorgon
cordilheira	montes_urais/montes_urais/sierra_nevada/sierra_nevada/serra_nevada/serra_nevada/sierra_madre_oriental/sierra_madre_oriental/sierra_madre_ocidental/sierra_madre_ocidental/montanhasrochosas/montanhas_rochosas/montanhas_rochosas/ródope/pireneus/pirenéus/pirinéus/pirineus/pamir/monte_carmelo/kun_lun/kunlun/kun_lun/caracórum/indocuche/hindukush/hindu_kush/himalaia/montanhas_verdes/montanhas_verdes/montanhas_great_smoky/cordilheira_australiana/cordilheira_australiana/montanhas_costeiras/cáucaso/cordilheira_do_cáucaso/cordilheira_do_cáucaso/montanhas_catskill/cordilheira_das_cascatas/cordilheira_das_cascatas/cárpatos/cordilheira_cantábrica/black_hills/alpes_australianos/cordilheira_do_atlas/apalaches/apeninos/cordilheira_dos_andes/andes/montanhas_altai/alpes/montes_allegheny/cordilheira_do_alasca/montanhas_adirondack
barranco	san_juan_hill/flodden/palatino/sete_colinas_de_roma/peninos/montescheviot/sião/gólgota/calvário/areópago
alameda	quinta_avenida/quinta_avenida
urbe	bulawayo/al_mukalla/al_mukalla/al_hudaydah/al_hudaydah/aden/adem/áden/haiphong/hai_phong/cidade_de_ho_chi_minh/cidade_de_ho_chi_minh/valência/maracay/maracaibo/maracaíbo/cumaná/ciudad_bolívar/ciudad_bolívar/estado_da_cidade_do_vaticano/cidade_do_vaticano/santa_sé/vaticano/milwaukee/parkersburg/huntington/spokane/washington/seattle/virginia_beach/virginia_beach/roanoke/newport_news/newport_news/burlington/wichita_falls/wichita_falls/waco/san_antonio/san_antonio/texas/odessa/lubbock/texas/houston/garland/fort_worth/fort_worth/el_paso/el_paso/dallas/texas/corpus_christi/corpus_christi/arlington/knoxville/charleston/rhode_island/newport/scranton/pittsburgh/filadélfia/pensilvânia/chester/erie/youngstown/cincinnati/cleveland/winston-salem/greensboro/carlota/utica/binghamton/nova_iorque/nova_york/buffalo/albuquerque/newark/camden_town/camden_town/baiona/manchester/las_vegas/omaha/springfield/minneapolis/grand_rapids/grand_rapids/flint/detroit/ann_arbor/ann_arbor/springfield/maryland/baltimore/portland/shreveport/new_orleans/nova_orleães/louisville/kansas_city/cidade_sioux/sioux_city/cedar_rapids/iowa/south_bend/indiana/gary/indiana/fort_wayne/chicago/savannah/são_petersburgo/st._augustine/st._augustine/miami_beach/miami/fort_lauderdale/fort_lauderdale/new_haven/new_haven/santa_ana/são_francisco/san_francisco/san_diego/san_diego/san_bernardino/san_bernardino/los_angeles/los_angeles/chula_vista/bakersfield/califórnia/anaheim/mobile/alabama/birmingham/dubai/sardes/pergamo/pérgamo/bursa/constantinopla/istambul/halicarnasso/antália/adana/sousse/sfax/gafsa/dodoma/lataquia/alepo/zurique/lausana/genebra/basileia/basiléia/omdurman/port_sudan/port_sudan/valencia/valência/espanha/valència/saragoça/toledo/sevilha/são_sebastião/oviedo/malaga/málaga/logroño/jerez_de_la_frontera/jerez_de_la_frontera/granada/córdova/córdoba/cartagena/cartagena_das_índias/cádis/barcelona/samarcanda/almaty/ialta/sebastopol/odessa/carcóvia/dnipropetrovsk/chornobyl/chernóbil/chernobil/chernobyl/donetsk/kaunas/klaipėda/klaipeda/daugavpils/liepāja/tartu/pinsk/vladivostok/omsk/cheliabinsk/novosibirsk/volgogrado/ufa/ufa/smoleńsk/smolensk/saratov/rostov_do_don/rostov_do_don/perm/veliky_novgorod/nalchik/murmansk/piter/são_petersburgo/petrogrado/leningrado/petersburgo/cazã/kazan/kursk/khabarovsk/grozni/grozny/grózni/astracã/soweto/bloemfontein/durban/joanesburgo/cidadedocabo/cidade_do_cabo/cidade_do_cabo/hargeisa/taif/jidá/medina/papeete/setúbal/setubal/distrito_do_porto/porto/braga/zabrze/wrocław/breslávia/lublin/katowice/częstochowa/cracóvia/bydgoszcz/cidade_quezón/cidade_quezon/cebu/arequipa/rawalpindi/peshawar/lahore/carachi/hyderabad/faisalabad/zaria/maiduguri/lagos/katsina/ibadan/christchurch/auclanda/auckland/beira/tânger/tanger/oujda/marraquexe/marrakech/fez/casablanca/tombuctu/kuala_lumpur/kuala_lumpur/bengasi/tiro/sidom/sidon/sídon/trípoli/incheon/utrecht/leida/roterdão/nimegue/eindhoven/a_haia/haia/arnhemia/arnhem/apeldoorn/tamale/kumasi/versalhes/tours/toulouse/tolosa/toulon/estrasburgo/reims/nice/nantes/nancy/marselha/lyon/lille/le_havre/le_havre/grenoble/dijon/cannes/bordeaux/bordéus/mombaça/aqaba/toyota_motor/toyota_motor/toyota/nagasaki/fukuoka/kitakyushu/sapporo/hiroshima/quioto/kobe/kōbe/yokohama/osaka/nagoya/nagano/ninive/nínive/assur/babilônia/babilonia/babilónia/edirne/filipos/mossul/kirkuk/karbala/baçorá/baçora/persepólis/persépolis/persepolis/urmia/tabriz/shiraz/syrah/xiraz/isfahan/meshed/semarang/medan/bandung/mysore/lucknow/chennai/hyderabad/andhra_pradesh/agra/bombaim/bombaím/calcutá/jabalpur/bangalore/déli/deli/suez/luxor/lúxor/mênfis/menfis/guizé/assuão/alexandria/swansea/newport/glasgow/aberdeen/waterford/limerick/galway/cork/northampton/worcester/winchester/sheffield/leitura/gloucester/coventry/portsmouth/leicester/leeds/brístol/bristol/brighton/cambridge/oxford/birmingham/liverpool/hull/manchéster/manchester/são_paulo/são_josé_dos_campos/são_joão_de_meriti/são_gonçalo/são_bernardo_do_campo/santos/recife/rio_de_janeiro/rio/osasco/limeira/governador_valadares/joão_pessoa/curitiba/belo_horizonte/belém/santa_maria_de_belém/sucre/liège/liége/gante/charleroi/bruges/antuerpia/antuérpia/chittagong/innsbruck/salzburgo/linz/graz/saskatoon/montréal/montreal/thunder_bay/thunder_bay/hamilton/vancouver/calgary/split/dubrovnik/ragusa/sarajevo/brasov/braşov/verona/veneza/pádua/padua/trento/firenze/florença/palermo/bari/turim/pisa/milão/la_spezia/la_spezia/cremona/genova/gênova/génova/brindisi/bologna/bolonha/messina/nápoles/ferrara/bréscia/bolzano/tirol_meridional/áquila/l'aquila/herculano/pompeia/pompéia/bizâncio/bisâncio/samaria/jaffa/haifa/tel_aviv/tel_aviv-yafo/tel-aviv/sodoma/nablus/salônica/salonica/salónica/tebas/troia/tróia/pátras/patras/éfeso/esparta/micenas/delfos/argos/corinto/corínto/tampere/espoo/guaiaquil/wurtzburgo/wiesbaden/estugarda/rostock/potsdam/nuremberga/alemães_de_munique/munique/mannheim/lubeck/lübeck/hanôver/hanóver/hamburgo/hamburg/frankfurt-am-main/frankfurt/essen/dusseldorf/düsseldorf/braunschweig/bransvique/colônia/colónia/bona/bonn/weimar/solingen/lípsia/leipzig/dresden/dortmund/chemnitz/bremerhaven/bremen/aachen/aquisgrano/uppsala/gotemburgo/lund/malmö/trondheim/stavanger/bergen/ålborg/alborg/århus/arhus/cotonou/ostrava/brno/montego_bay/montego_bay/san_juan/santiago_de_los_caballeros/guantanamo/guantánamo/guantânamo/santiago_de_cuba/santiago_de_cuba/villahermosa/veracruz/tuxtla_gutiérrez/tuxtla_gutiérrez/tijuana/torreón/tampico/tepic/san_luis_potosí/san_luis_potosí/puebla/monterrei/mexicali/mazatlán/hermosillo/guadalajara/durango/culiacán/ciudad_victoria/ciudad_victoria/ciudad_juárez/ciudad_juárez/acapulco/cancun/cancún/mérida/san_pedro_sula/san_pedro_sula/abidjan/abijão/abijã/lubumbashi/kananga/goma/cartagena_das_índias/cartagena_das_índias/medellín/medellin/cali/cáli/barranquilla/hong-kong/hong_kong_-_região_administrativa_especial_da_china/região_admin._especial_da_china/hong_kong/hongkong/taichung/hohhot/xian/xi'an/wuhan/tianjin/tangshan/taiyuan/shenyang/xangai/nanjing/nanquim/nanning/nanchang/hangzhou/luoyang/dalian/lanzhou/cantão/chongqing/viña_del_mar/viña_del_mar/valparaíso/temuco/punta_arenas/antofagasta/kandy/duala/moulmein/mandalay/varna/plovdiv/dobrich/rosário/rosario/mörön/córdova/bahía_blanca/bahía_blanca/hamilton/lobito/huambo/orã/blida/annaba/durrës/mazar-e_sharif/mazar-e_sharif/kandahar/herat/colossos
nebulosa	nuvens_de_magalhães
monumentos	monumento_a_washington/monumento_à_washington/estátua_da_liberdade/estátua_da_liberdade/estatua_da_liberdade/pirâmide/lincoln_memorial
gruta	lascaux/gruta_de_fingal
galáxia	nuvens_de_magalhães
fora-da-lei	jesse_james/jesse_james
extremidade	pólo_sul/polo_sul/pólo_norte/polo_norte
deusa	quetzalcóatl/quetzalcoatl/arhat/bodisatvas/bodisatva/bodisatva/morfeu/hipnos/demogorgon
catarata	yosemite_falls/cataratas_vitória/cataratas_vitória/cataratas_do_tugela/cataratas_do_tugela/cataratas_do_niágara/cataratas_do_niágara/cataratas_do_iguaçu/cataratas_do_iguaçu/cataratas_canadenses/cataratas_canadenses/salto_angel/salto_angel/salto_ángel/cataratas_americanas/cataratas_americanas
cascata	yosemite_falls/cataratas_vitória/cataratas_vitória/cataratas_do_tugela/cataratas_do_tugela/cataratas_do_niágara/cataratas_do_niágara/cataratas_do_iguaçu/cataratas_do_iguaçu/cataratas_canadenses/cataratas_canadenses/salto_angel/salto_angel/salto_ángel/cataratas_americanas/cataratas_americanas
cantador	hank_williams/ethel_waters/sarah_vaughan/sarah_vaughan/barbra_streisand/barbra_streisand/bessie_smith/bessie_smith/paul_simon/paul_simon/paul_robeson/paul_robeson/édith_piaf/álbuns_de_roy_orbison/roy_orbison/roy_orbison/dean_martin/dean_martin/bob_marley/bob_marley/madonna/leadbelly/riley_b_king/king/b._b._king/janis_joplin/janis_joplin/al_jolson/al_jolson/michael_jackson/michael_jackson/mahalia_jackson/mahalia_jackson/julio_iglesias/julio_iglesias/lena_horne/lena_horne/judy_garland/judy_garland/ella_fitzgerald/ella_fitzgerald/bob_dylan/marlene_dietrich/marlene_dietrich/maurice_chevalier/maurice_chevalier/johnny_cash/pearl_bailey/pearl_bailey
arquitecto	james_wyatt/frank_lloyd_wright/obras_de_frank_lloyd_wright/frank_lloyd_wright/otto_wagner/robert_venturi/robert_venturi/john_vanbrugh/john_vanbrugh/kenzo_tange/louis_sullivan/louis_sullivan/albert_speer/albert_speer/jacques-germain_soufflot/eero_saarinen/eero_saarinen/augustus_welby_pugin/ieoh_ming_pei/ieoh_ming_pei/joseph_paxton/joseph_paxton/andrea_palladio/andrea_palladio/ludwig_mies_van_der_rohe/ludwig_mies_van_der_rohe/michelangelo_di_lodovico_buonarroti_simoni/michelangelo/françois_mansart/françois_mansart/adolf_loos/adolf_loos/maya_lin/leonardo_da_vinci/da_vinci/pierre_charles_l'enfant/le_corbusier/le_corbusier/benjamin_henry_latrobe/henri_labrouste/inigo_jones/inigo_jones/victor_horta/victor_horta/josef_hoffmann/josef_hoffmann/walter_gropius/walter_gropius/giotto_di_bondone/giotto_di_bondone/antoní_gaudí/buckminster_füller/philibert_de_l'orme/philibert_de_l'orme/filippo_brunelleschi/filippo_brunelleschi/donato_di_angelo_di_pascuccio/donato_di_angelo_di_pascuccio/hendrik_petrus_berlage/peter_behrens/peter_behrens/leon_battista_alberti/leon_battista_alberti/robert_adam/robert_adam/alvar_aalto/alvar_aalto