presidente	vigdís_finnbogadóttir/vigdís_finnbogadóttir
dia	dia_d
estado	abecásia/cabodaboaesperança/cabo/transvaal/estado_livre/estado_livre/província_do_estado_livre/bornéu/bengala_ocidental/bengala_ocidental/orissa/uttar_pradesh/uttar_pradesh/tâmil_nadu/tamil_nadu/tamil_nadu/gujarat/guzerate/goa/bihar/andhra_pradesh/andhra_pradesh/manipur/karnataka/assam/tirol/bósnia/kosovo/baviera/baixa_saxônia/baixa_saxônia/baixa_saxónia/tabasco/quintana_roo/quintana_roo/coahuila_de_zaragoza/coahuila_de_zaragoza/chihuahua/campeche/iucatã/mongólia_interior/mongólia_interior/xinjiang/yunnan/sichuan/hunan/hebei/gansu/guangdong
rio	rio_das_pérolas/rio_das_pérolas/rio_zambeze/zambeze/rio_zambeze/rio_yukon/rio_yukon/rio_ienissei/rio_ienissei/rio_yellowstone/rio_azul/yang-tsé/rio_yangtzé/rio_azul/rio_yalu/rio_weser/rio_weser/rio_wabash/volga/rio_volga/rio_volga/rio_vístula/rio_vístula/vístula/rio_uruguai/rio_uruguai/rio_tyne/rio_tyne/rio_trent/rio_tombigbee/rio_tocantins/rio_tocantins/tigre/rio_tigre/tibre/tâmisa/rio_tâmisa/tennessee/rio_tennessee/rio_tennessee/rio_tejo/tejo/rio_susquehanna/rio_susquehanna/suriname/estige/rio_snake/rio_shenandoah/rio_chari/rio_chari/rio_severn/rio_sena/sena/rio_escalda/escalda/rio_saône/rio_saône/rio_são_francisco/rio_san_joaquin/rio_sambre/rio_sambre/rio_são_lourenço/rio_saint_john/rio_saint_john/rio_sacramento/rio_sabine/rio_saale/rio_ruhr/rio_ruhr/rio_bravo/rio_grande/rio_ródano/rio_ródano/ródano/rio_reno/rio_reno/reno/rio_purus/rio_purus/rio_potomac/rio_potomac/rio_pó/rio_platte/rio_pecos/parnaíba/rio_paraná/paraná/rio_paraná/rio_paraná/otava/outaouais/orinoco/rio_orinoco/rio_orinoco/rio_orange/rio_ohio/rio_ohio/ohio/rio_oder/rio_oder/rio_ob/rio_ob/rio_nilo/rio_nilo/nilo/rio_níger/níger/rio_níger/rio_niágara/rio_niágara/rio_niagara/rio_neva/rio_neva/rio_neckar/rio_neckar/murrumbidgee/rio_murray/rio_mobile/rio_missouri/rio_missouri/rio_mississípi/rio_mississipi/rio_milk/rio_mosa/mosa/meuse/rio_mosa/rio_mekong/rio_mekong/rio_magdalena/rio_madeira/madeira/rio_madeira/rio_mackenzie/rio_mackenzie/rio_loire/loire/rio_loire/rio_lena/rio_lena/rio_kura/rio_kura/rio_klamath/rio_cassai/kansas/rio_kanawha/rio_jordão/jordão/rio_james/rio_james/rio_james/isère/rio_irtich/rio_irauádi/rio_ayeyarwady/rio_ayeyarwady/rio_indo/rio_indigirka/rio_issel/rio_hudson/rio_hudson/rio_amarelo/rio_amarelo/amarelo/rio_gila/rio_garona/rio_garona/garona/rio_ganges/ganges/rio_ganges/eufrates/rio_eufrates/rio_eufrates/rio_elizabeth/rio_elba/ebro/rio_ebro/rio_ebro/rio_don/rio_dniepre/rio_dniepre/rio_delaware/rio_delaware/delaware/rio_darling/rio_danúbio/rio_danúbio/danúbio/rio_cumberland/rio_congo/congo/rio_columbia/rio_colúmbia/rio_colorado/colorado/colorado/cócito/rio_canadian/rio_brazos/rio_bramaputra/rio_arno/rio_arno/arcansas/rio_arkansas/rio_argun/rio_araguaia/rio_araguaia/angara/rio_angara/rio_amur/rio_amur/amur/rio_amazonas/amazonas/rio_allegheny/alabama/rio_alabama/alabama/rio_adige/rio_adige/rio_ádige/aqueronte/rio_aar/rio_aar
país	vanuatu/turquia/república_da_turquia/tonga/turquemenistão/turcomenistão/ucrânia/ucrania/ucránia/federação_russa/rússia/rússia/união_das_repúblicas_socialistas_soviéticas/urss/seychelles/seicheles/são_tomé_e_príncipe/são_tomé_e_principe/sao_tome_e_principe/sao_tome_e_principe/samoa/línguas_de_samoa/são_vicente_e_granadinas/sao_vicente_e_granadinas/santa_lúcia/saint_kitts_e_nevis/são_cristóvão_e_nevis/são_cristóvão_e_neves/filipinas/palau/nova_zelândia/maurícias/maurícia/mauricia/maurício/república_de_malta/malta/maldivas/república_das_maldivas/granada/indonésia/indonesia/república_da_indonésia/burkina_faso/burquina_faso/burkina-faso/baamas/bahamas/papua-nova_guiné/papua_nova_guiné/nauru/kiribati/kiribati/quiribati/quiribáti/kiribáti/tuvalu/república_das_ilhas_marshall/ilhas_marshall/ilhas_marshall/micronésia/estados_federados_da_micronésia/austrália/comunidade_da_austrália/etrúria/estado_de_israel/israel/fidji/república_das_fiji/fiji/república_democrática_de_timor-leste/timor-leste/timor_leste/domingos/domínica/dominica/comunidade_da_dominica/chipre/trinidad_e_tobago/trindade_e_tobago/trinidad_e_tobago/barbados/jamaica/república_dominicana/haiti/república_do_haiti/cuba/comores/tamil_eelam/tamil_eelam/sri-lanka/sri_lanka/sri_lanca/ceilão/sri_lanka/cabo-verde/cabo_verde/cabo_verde/antígua_e_barbuda/reino_das_ilhas_de_antígua_e_barbuda
militar	t._e._lawrence/t._e._lawrence/césar_bórgia/césar_bórgia/cesar_bórgia/ethan_allen/ethan_allen
filho	esaú/esau
república	tamil_eelam/tamil_eelam
governador	tamerlão
campanha	planície_de_nullarbor
período	grande_cisma_do_oriente/grande_cisma_do_oriente/era_cristã/era_comum/califado/califados/neolítico/neolítico/mesolítico/paleolítico_superior/paleolítico_superior/paleolítico_médio/paleolítico_médio/paleolítico_inferior/paleolítico/idade_da_pedra/idade_da_pedra/idade_do_ferro/idade_do_ferro/idade_do_bronze
grupo	grandes_lagos/grandes_lagos_da_américa_do_norte
chefe	saddam_hussein
distrito	rock_springs/laramie/wausau/eau_claire/harpers_ferry/yakima/vancouver/kennewick/bellingham/fredericksburg/rutland/san_angelo/paris/midland/mcallen/mcallen/lufkin/galveston/johnson_city/johnson_city/rapid_city/rapid_city/hershey/gettysburg/muskogee/enid/bartlesville/mansfield/wilmington/asheville/watertown/saratoga_springs/ithaca/princeton/portsmouth/great_falls/são_josé/são_josé/columbia/nyssa/natchez/greenville/columbo/bemidji/monroe/marquette/kalamazoo/plymouth/medford/frederico/brunsvique/bangor/morgan_city/monroe/compra_da_luisiana/compra_da_luisiana/salina/lawrence/kansas/hays/ottumwa/mason_city/dubuque/lafayette/moline/lest_saint_louis/champaign/cairo/pocatello/lewiston/valdosta/west_palm_beach/west_palm_beach/sarasota/pensacola/key_west/fort_myers/fort_myers/daytona_beach/daytona_beach/boulder/california/san_pablo/san_mateo/san_mateo/palo_alto/palo_alto/monterey/eureka/pine_bluff/pine_bluff/skagway/nome/selma/decatur/entebbe/chalkedon/antioquia/abidos/interlaken/darfur/catalunha/cataluña/reino_de_castela/castela/aragão/dhahran/samoa_americana/samoa_americana/cusco/natal/kwazulu-natal/monte_carlo/sarawak/sabá/malásia_oriental/malásia_oriental/vichy/dunquerque/chartres/chablis/calais/calé/avinhão/saqqara/nag_hammadi/nag_hammadi/aberdare/cantuária/hastings/sunderland/stratford_upon_avon/stratford-upon-avon/stratford-upon-avon/blackpool/somerset/bath/lake_district/lake_district/acre/waterloo/marianas_do_norte/ilhas_marianas_do_norte/marianas_setentrionais/território_do_norte/yukón/yukon/yellowknife/nunavut/territórios_do_noroeste/territórios_do_noroeste/acádia/agrigento/estados_pontifícios/estados_pontifícios/anzio/belém/nazaré/acre/platéias/plateias/beócia/ática/áccio/âccio/monte_atos/cnossos/mariehamn/maçuá/hohenlinden/hamelin/plzen/plzeň/nogales/timgad/reggane/hipona/jalalabad
líder	saddam_hussein
parte	south_pacific/south_pacific
costa	eólia/barbária/costa_da_berbéria/costa_barbaresca/costa_berberisca
constituição	constituição_dos_estados_unidos/constituição_dos_estados_unidos_da_américa
organização	ordem_de_orange
tempo	grande_cisma_do_oriente/grande_cisma_do_oriente/era_cristã/era_comum/califado/califados/neolítico/neolítico/mesolítico/paleolítico_superior/paleolítico_superior/paleolítico_médio/paleolítico_médio/paleolítico_inferior/paleolítico/idade_da_pedra/idade_da_pedra/idade_do_ferro/idade_do_ferro/idade_do_bronze
universidade	universidade_yale/universidade_yale/universidade_de_washington/universidade_de_pittsburgh/universidade_da_pensilvânia/universidade_da_carolina_do_norte/universidade_de_michigan/universidade_do_michigan/universidade_de_chicago/universidade_stanford/universidade_de_princeton/universidade_de_paris/universidade_de_paris/universidade_do_estado_de_ohio/instituto_de_tecnologia_de_massachusetts/universidade_harvard/universidade_harvard/universidade_duke/universidade_cornell/universidade_cornell/universidade_columbia/universidade_columbia/universidade_colúmbia/universidade_carnegie_mellon/universidade_brown
área	triangulo_das_bermudas/triângulo_das_bermudas/triângulo_das_bermudas
guerra	guerra_anglo-americana_de_1812/guerra_das_rosas/guerra_das_rosas/guerra_da_sucessão_espanhola/guerra_da_sucessão_espanhola/guerra_de_sucessão_austríaca/guerra_de_sucessão_austríaca/guerra_do_vietnã/guerra_de_troia/guerra_de_tróia/guerra_de_tróia/guerra_dos_trinta_anos/guerra_hispano-americana/guerra_dos_sete_anos/guerra_dos_sete_anos/guerra_russo-japonesa/guerras_púnicas/guerras_púnicas/guerras_punicas/guerra_púnica/guerra_do_golfo/guerra_do_peloponeso/guerra_do_peloponeso/guerras_napoleónicas/guerras_napoleônicas/guerra_da_coreia/guerra_do_golfo/guerra_dos_cem_anos/guerra_franco-indígena/guerra_franco-indígena/guerra_franco-prussiana/guerra_da_crimeia/guerra_dos_boers/guerra_dos_boers/guerras_dos_bálcãs/guerras_dos_balcãs/guerra_do_yom_kipur/guerra_do_yom_kipur/guerra_dos_seis_dias/guerra_dos_seis_dias/guerras_macedônicas
época	era_cristã/era_comum/califado/califados/paleoceno/eoceno/eoceno/oligoceno/mioceno/plioceno/pleistoceno/pleistocénico/holoceno/holocénico
região	áfrica_ocidental/áfrica_ocidental/norte_de_áfrica/áfrica_setentrional/áfrica_do_norte/cítia/áfrica_sub-sariana/áfrica_subsariana/áfrica_subsariana/vale_do_silício/vale_do_silício/vale_do_silicio/big_sur/silesia/silésia/lusitânia/lusitania/países_baixos/países_baixos/carolinas/norte/cinturão_do_sol/sul/estados_confederados_da_américa/médio_atlântico/nova_inglaterra/jónia/jonia/jônia/curdistão_iraquiano/tanganica/galiza/galícia/galicia/américa_latina/ibéria/bacia_donets/cólquida/livónia/livonia/livônia/rússia_europeia/rússia_européia/siberia/sibéria/chechênia/chechénia/witwatersrand/hejaz/néjede/pártia/jammu_e_caxemira/caxemira/saara_ocidental/mongólia/lapónia/lapônia/tule/frísia/frísia/normandia/gália/fenícia/assíria/assiria/suméria/caldéia/caldeia/babilônia/babilónia/mesopotamia/mesopotâmia/trácia/república_da_macedônia/macedónia/macedônia/levante/elam/maharashtra/siquim/sikkim/caledônia/caledónia/ulster/reino_de_wessex/reino_da_nortúmbria/yorkshire/lancashire/anglia_oriental/ânglia_oriental/império_britânico/império_britânico/áustria-hungria/áustria-hungria/austria-hungria/história_da_áustria-hungria/províncias_marítimas/províncias_marítimas/províncias_marítimas_do_canadá/labrador/dalmácia/dalmacia/montenegro/sérvia/servia/transilvânia/transilvania/império_romano_do_ocidente/império_romano_do_ocidente/império_bizantino/impériobizantino/império_bizantino/judéia/judeia/canaã/colinas_de_golã/faixa_de_gaza/galiléia/galileia/cisjordânia/crescente_fértil/crescente_fértil/médio_oriente/oriente_próximo/oriente_próximo/oriente_médio/médio-oriente/arcádia/tessália/lídia/lícia/lacónia/lacônia/épiro/acaia/carélia/turíngia/prussia/prússia/brandemburgo/renânia/saxónia/saxônia/escandinávia/boémia/boêmia/moravia/morávia/checoslováquia/tchecoslováquia/tcheco-eslováquia/checoslovaquia/mesoamérica/indochina_francesa/indochina_francesa/turquestão/manchúria/sueste_asiático/sudeste_asiático/sudoeste_asiático/sueste_asiático/patagónia/patagônia/triangulo_das_bermudas/triângulo_das_bermudas/triângulo_das_bermudas/bengala/caribe/iliria/ilíria/frígia/capadocia/capadócia/africa_oriental/áfrica_oriental/áfrica_oriental/região_oeste_dos_estados_unidos_da_américa/região_oeste_dos_estados_unidos_da_américa/terra_de_wilkes/terra_de_vitória/terra_da_rainha_maud/terra_da_rainha_maud/magrebe/camada_d/noroeste/sudoeste/sudeste/sudeste/extremo_oriente/extremo-oriente/extremo_oriente/velho_mundo/terra_de_coats/transcaucasia/caucaso/cáucaso/núbia/bitínia/barbária/terra_adélia/terra_adélia/andaluzia
porto	al_mukalla/al_mukalla/al_hudaydah/al_hudaydah/aden/adem/áden/haiphong/hai_phong/maracaibo/maracaíbo/cumaná/ciudad_bolívar/ciudad_bolívar/newport_news/newport_news/texas/houston/charleston/portsmouth/detroit/maryland/baltimore/chicago/pearl_harbor/pearl_harbor/honolulu/savannah/mobile/alabama/dubai/antália/sousse/túnis/tunes/bancoc/banguecoque/dar_es_salaam/dar-es-salaam/dar_es_salaam/lataquia/paramaribo/port_sudan/port_sudan/sevilha/malaga/málaga/cartagena/cartagena_das_índias/cádis/barcelona/bacu/baku/odessa/rīga/riga/tallinn/rostov_do_don/rostov_do_don/murmansk/durban/cidadedocabo/cidade_do_cabo/cidade_do_cabo/mogadíscio/mogadiscio/freetown/dakar/jidá/pago_pago/pago_pago/castries/doha/setúbal/setubal/distrito_do_porto/porto/lisboa/distrito_de_lisboa/assunção/mascate/lagos/auclanda/auckland/beira/casablanca/port_louis/port_louis/bengasi/monróvia/monrovia/tiro/trípoli/incheon/reiquijavique/reykjavik/reykjavík/stabroek/conacri/banjul/toulon/nantes/marselha/le_havre/le_havre/dunquerque/cannes/calais/calé/bordeaux/bordéus/mombaça/nagasaki/hiroshima/kobe/kōbe/yokohama/osaka/baçorá/baçora/semarang/cairo/alexandria/swansea/newport/glasgow/waterford/limerick/galway/cork/dublim/dublin/sunderland/portsmouth/brístol/bristol/liverpool/hull/santos/recife/belém/santa_maria_de_belém/gante/antuerpia/antuérpia/chittagong/hobart/hobart/thunder_bay/thunder_bay/hamilton/vancouver/victoria/columbia_británica/dubrovnik/ragusa/palermo/la_spezia/la_spezia/brindisi/messina/nápoles/jaffa/haifa/cesareia/acre/salônica/salonica/salónica/pátras/patras/corinto/corínto/mariehamn/helsinque/helsínque/helsínquia/maçuá/hanôver/hanóver/hamburgo/hamburg/bremerhaven/gotemburgo/malmö/trondheim/stavanger/bergen/oslo/djibuti/jibuti/república_de_djibuti/djibouti/ålborg/alborg/århus/arhus/cotonou/bridgetown/montego_bay/montego_bay/santiago_de_cuba/santiago_de_cuba/veracruz/tampico/mazatlán/acapulco/cartagena_das_índias/cartagena_das_índias/barranquilla/hong-kong/hong_kong_-_região_administrativa_especial_da_china/região_admin._especial_da_china/hong_kong/hongkong/xangai/dalian/cantão/valparaíso/antofagasta/moulmein/varna/buenos_aires/buenos_aires/bahía_blanca/bahía_blanca/lobito/luanda/orã/annaba/argel/durrës
ordem	dez_mandamentos/dez_mandamentos
formação	colunas_de_hércules/colunas_de_hércules
luta	batalha_da_grã-bretanha
empresário	george_stephenson/george_stephenson/leland_stanford/serguei_diaguilev/buffalo_bill/buffalo_bill
família	irmãos_marx/irmãos_marx
lugar	latrão
operação	operação_tempestade_no_deserto/tempestade_no_deserto
advogado	abraham_lincoln/abraham_lincoln/francis_scott_key/francis_scott_key/john_edgar_hoover/john_edgar_hoover/clarence_darrow/clarence_darrow/william_jennings_bryan/william_jennings_bryan/averróis
jornalista	alexander_woollcott/alexander_woollcott/john_reed/john_reed/henry_louis_mencken/walter_lippmann/walter_lippmann/horace_greeley
discurso	discurso_de_gettysburg
santo	tomé/thomas/tomás/simão/o_zelote/o_zelote/pedro/são_pedro/são_pedro/peter/são_paulo/paulo_de_tarso/nicolau_de_mira/nicolau_de_mira/nicolau/mateus/maria_madalena/são_judas_tadeu/são_judas_tadeu/sao_judas_tadeu/joão_baptista/joão_batista/são_joão_crisóstomo/são_joão_crisóstomo/john/jerônimo_de_strídon/jerónimo_de_strídon/santiago_de_compostela/tiago/ireneu_de_lyon/ireneu_de_lyon/inácio_de_loyola/inácio_de_loyola/inácio/francisco_de_assis/francisco_de_assis/eduardo/o_mártir/eduardo_o_mártir/eduardo/o_confessor/eduardo_o_confessor/domingos_de_gusmão/domingos_de_gusmão/santa_brigida/são_bonifácio/são_bonifácio/benedito/beda/thomas_becket/thomas_becket/basílio_de_cesaréia/basílio_de_cesareia/agostinho_de_hipona/agostinho_de_hipona/tomás_de_aquino/santo_andré/ambrósio_de_milão/ambrósio_de_milão
linha	passagem_do_noroeste
terra	america/américa/américas/continente_americano/vanuatu/turquia/república_da_turquia/tonga/turquemenistão/turcomenistão/ucrânia/ucrania/ucránia/federação_russa/rússia/rússia/união_das_repúblicas_socialistas_soviéticas/urss/seychelles/seicheles/são_tomé_e_príncipe/são_tomé_e_principe/sao_tome_e_principe/sao_tome_e_principe/samoa/línguas_de_samoa/são_vicente_e_granadinas/sao_vicente_e_granadinas/santa_lúcia/saint_kitts_e_nevis/são_cristóvão_e_nevis/são_cristóvão_e_neves/filipinas/palau/nova_zelândia/maurícias/maurícia/mauricia/maurício/república_de_malta/malta/maldivas/república_das_maldivas/granada/indonésia/indonesia/república_da_indonésia/burkina_faso/burquina_faso/burkina-faso/baamas/bahamas/papua-nova_guiné/papua_nova_guiné/nauru/kiribati/kiribati/quiribati/quiribáti/kiribáti/tuvalu/república_das_ilhas_marshall/ilhas_marshall/ilhas_marshall/micronésia/estados_federados_da_micronésia/austrália/comunidade_da_austrália/etrúria/estado_de_israel/israel/fidji/república_das_fiji/fiji/república_democrática_de_timor-leste/timor-leste/timor_leste/domingos/domínica/dominica/comunidade_da_dominica/chipre/trinidad_e_tobago/trindade_e_tobago/trinidad_e_tobago/barbados/jamaica/república_dominicana/haiti/república_do_haiti/cuba/comores/sri-lanka/sri_lanka/sri_lanca/ceilão/sri_lanka/cabo-verde/cabo_verde/cabo_verde/antígua_e_barbuda/reino_das_ilhas_de_antígua_e_barbuda
combate	batalha_da_grã-bretanha
livro	utopia/o_capital
médico	thomas_sydenham/thomas_sydenham/albert_schweitzer/albert_schweitzer/paracelso/edward_jenner/edward_jenner/george_huntington/hipócrates/hipocrates/william_harvey/william_harvey/christiaan_eijkman/christiaan_eijkman/robert_bárány/robert_bárány/avicena/averróis
revolta	revolta_dos_sipais/revolta_dos_sipais/revolta_camponesa_de_1381/revolta_camponesa_de_1381
homem	sem/jafé/sete/caim/adão
data	dia_d
idade	era_cristã/era_comum/califado/califados
limite	descontinuidade_de_mohorovicic/rubicão/linha_de_controle
conjunto	grandes_lagos/grandes_lagos_da_américa_do_norte
engenheiro	james_watt/james_watt/thomas_augustus_watson/thomas_augustus_watson/richard_trevithick/richard_trevithick/siemens_ag/siemens_ag/claude_elwood_shannon/claude_elwood_shannon/leonardo_da_vinci/da_vinci/junkers/buckminster_füller/rudolf_diesel/rudolf_diesel/gottlieb_daimler/gottlieb_daimler
autor	stefan_zweig/stefan_zweig/s._s._van_dine/virginia_woolf/virginia_woolf/tom_wolfe/tom_wolfe/p._g._wodehouse/p._g._wodehouse/thornton_wilder/thornton_wilder/oscar_wilde/oscar_wilde/elie_wiesel/elie_wiesel/patrick_white/patrick_white/elwyn_brooks_white/elwyn_brooks_white/edith_wharton/edith_wharton/rebecca_west/rebecca_west/h._g._wells/herbert_george_wells/evelyn_waugh/evelyn_waugh/edgar_wallace/edgar_wallace/alice_walker/alice_walker/kurt_vonnegut/kurt_vonnegut/voltaire/júlio_verne/mário_vargas_llosa/john_updike/john_updike/sigrid_undset/sigrid_undset/ivan_turgeniev/ivan_turgeniev/liev_tolstói/john_ronald_reuel_tolkien/j.r.r._tolkien/tolkien/alexis_de_tocqueville/alexis_de_tocqueville/henry_david_thoreau/henry_david_thoreau/william_makepeace_thackeray/william_makepeace_thackeray/rabindranath_tagore/rabindranath_tagore/john_addington_symonds/john_addington_symonds/eugène_sue/william_styron/william_styron/harriet_beecher_stowe/harriet_beecher_stowe/bram_stoker/bram_stoker/robert_louis_stevenson/robert_louis_stevenson/laurence_sterne/laurence_sterne/estêvão/stendhal/john_steinbeck/john_steinbeck/susan_sontag/susan_sontag/alexander_soljenítsin/charles_percy_snow/charles_percy_snow/tobias_smollett/tobias_smollett/isaac_bashevis_singer/isaac_bashevis_singer/upton_sinclair/upton_sinclair/georges_simenon/georges_simenon/mary_shelley/mary_shelley/george_bernard_shaw/george_bernard_shaw/walter_scott/walter_scott/william_saroyan/william_saroyan/carl_sandburg/carl_sandburg/george_sand/george_sand/j.d._salinger/marquês_de_sade/marquês_de_sade/george_william_russell/george_william_russell/salman_rushdie/salman_rushdie/jean-jacques_rousseau/philip_roth/philip_roth/eleanor_roosevelt/eleanor_roosevelt/ayn_rand/ayn_rand/thomas_pynchon/thomas_pynchon/ezra_pound/katherine_anne_porter/o._henry/edgar_allan_pöe/plínio/caio_plínio_cecílio_segundo/plínio,_o_velho/gaius_plinius_secundus/sylvia_plath/sylvia_plath/petrônio/petrónio/boris_pasternak/boris_pasternak/bóris_pasternak/george_orwell/george_orwell/michael_ondaatje/michael_ondaatje/flannery_o'connor/flannery_o'connor/joyce_carol_oates/joyce_carol_oates/ogden_nash/ogden_nash/alfred_de_musset/alfred_de_musset/iris_murdoch/iris_murdoch/saki/toni_morrison/toni_morrison/thomas_more/thomas_more/jessica_mitford/alan_alexander_milne/alan_alexander_milne/thomas_merton/thomas_merton/herman_melville/herman_melville/marshall_mcluhan/marshall_mcluhan/carson_mccullers/carson_mccullers/andré_maurois/andré_maurois/françois_mauriac/françois_mauriac/guy_de_maupassant/guy_de_maupassant/w._somerset_maugham/w._somerset_maugham/marisma/alessandro_manzoni/alessandro_manzoni/katherine_mansfield/katherine_mansfield/thomas_mann/andré_malraux/andré_malraux/thomas_malory/thomas_malory/norman_mailer/norman_mailer/john_lyly/john_lyly/jack_london/jack_london/clive_staples_lewis/clive_staples_lewis/doris_lessing/doris_lessing/mikhail_lérmontov/leonardo/john_le_carré/t._e._lawrence/t._e._lawrence/d._h._lawrence/françois_de_la_rochefoucauld/françois_de_la_rochefoucauld/jean_de_la_fontaine/jean_de_la_fontaine/rudyard_kipling/rudyard_kipling/ken_kesey/ken_kesey/jack_kerouac/jack_kerouac/helen_keller/helen_keller/franz_kafka/franz_kafka/james_joyce/james_joyce/erica_jong/erica_jong/samuel_johnson/samuel_johnson/johannes_vilhelm_jensen/johannes_vilhelm_jensen/james/henry_james/henry_james/jane_jacobs/jane_jacobs/helen_hunt_jackson/christopher_isherwood/christopher_isherwood/washington_irving/washington_irving/john_irving/aldous_huxley/aldous_huxley/leigh_hunt/leigh_hunt/langston_hughes/langston_hughes/l._ron_hubbard/l._ron_hubbard/william_dean_howells/william_dean_howells/e.t.a._hoffmann/paul_johann_ludwig_von_heyse/paul_johann_ludwig_von_heyse/hesse/ernest_hemingway/ernest_hemingway/joseph_heller/joseph_heller/robert_a._heinlein/robert_a._heinlein/nathaniel_hawthorne/nathaniel_hawthorne/bret_harte/bret_harte/knut_hamsun/knut_hamsun/dashiell_hammett/dashiell_hammett/alex_haley/edward_everett_hale/edward_everett_hale/wilhelm_grimm/wilhelm_grimm/jacob_grimm/jacob_grimm/graham_greene/graham_greene/robert_graves/robert_graves/gunter_grass/günter_grass/kenneth_grahame/kenneth_grahame/nadine_gordimer/nadine_gordimer/jules_de_goncourt/jules_de_goncourt/edmond_de_goncourt/witold_gombrowicz/oliver_goldsmith/oliver_goldsmith/ourives/nikolai_gogol/nikolai_gogol/andré_gide/andré_gide/theodor_seuss_geisel/theodor_seuss_geisel/erle_stanley_gardner/john_galsworthy/john_galsworthy/émile_gaboriau/carlos_fuentes/carlos_fuentes/benjamin_franklin/benjamin_franklin/anatole_france/anatole_france/c._s._forester/c.s._forester/ford_madox_ford/ian_fleming/ian_fleming/gustave_flaubert/gustave_flaubert/f._scott_fitzgerald/f._scott_fitzgerald/henry_fielding/henry_fielding/ralph_waldo_emerson/ralph_waldo_emerson/george_eliot/george_eliot/lawrence_durrell/lawrence_durrell/daphne_du_maurier/daphné_du_maurier/dumas/alexandre_dumas/theodore_dreiser/theodore_dreiser/fiódor_dostoiévski/john_dos_passos/john_dos_passos/karen_blixen/karen_blixen/joan_didion/joan_didion/charles_dickens/charles_dickens/thomas_de_quincey/daniel_dëfoe/daniel_defoe/daniel_deföe/stephen_crane/james_fenimore_cooper/james_fenimore_cooper/joseph_conrad/joseph_conrad/arthur_conan_doyle/arthur_conan_doyle/wilkie_collins/colette/jean_cocteau/jean_cocteau/mark_twain/mark_twain/winston_churchill/winston_churchill/agatha_christie/g._k._chesterton/g._k._chesterton/john_cheever/john_cheever/françois-rené_de_chateaubriand/françois-rené_de_chateaubriand/raymond_chandler/raymond_chandler/miguel_de_cervantes/miguel_de_cervantes/willa_cather/willa_cather/lewis_carroll/lewis_carroll/karel_capek/karel_čapek/karel_capek/elias_canetti/elias_canetti/albert_camus/albert_camus/ítalo_calvino/erskine_caldwell/james_branch_cabell/james_branch_cabell/william_s._burroughs/william_s._burroughs/edgar_rice_burroughs/frances_hodgson_burnett/frances_hodgson_burnett/john_bunyan/john_bunyan/anne_brontë/emily_brontë/ray_bradbury/ray_bradbury/james_boswell/james_boswell/jorge_luís_borges/heinrich_böll/heinrich_böll/ambrose_bierce/ambrose_bierce/robert_benchley/robert_benchley/saul_bellow/saul_bellow/hilaire_belloc/hilaire_belloc/max_beerbohm/max_beerbohm/samuel_beckett/samuel_beckett/simone_de_beauvoir/simone_de_beauvoir/jane_austen/jane_austen/isaac_asimov/isaac_asimov/sholem_asch/louis_aragon/aragão/louis_aragon/sherwood_anderson/sherwood_anderson/hans_christian_andersen/hans_christian_andersen/nelson_algren/nelson_algren/conrad_aiken/conrad_aiken
nação	vanuatu/turquia/república_da_turquia/tonga/turquemenistão/turcomenistão/ucrânia/ucrania/ucránia/federação_russa/rússia/rússia/união_das_repúblicas_socialistas_soviéticas/urss/seychelles/seicheles/são_tomé_e_príncipe/são_tomé_e_principe/sao_tome_e_principe/sao_tome_e_principe/samoa/línguas_de_samoa/são_vicente_e_granadinas/sao_vicente_e_granadinas/santa_lúcia/saint_kitts_e_nevis/são_cristóvão_e_nevis/são_cristóvão_e_neves/filipinas/palau/nova_zelândia/maurícias/maurícia/mauricia/maurício/república_de_malta/malta/maldivas/república_das_maldivas/granada/indonésia/indonesia/república_da_indonésia/burkina_faso/burquina_faso/burkina-faso/baamas/bahamas/papua-nova_guiné/papua_nova_guiné/nauru/kiribati/kiribati/quiribati/quiribáti/kiribáti/tuvalu/república_das_ilhas_marshall/ilhas_marshall/ilhas_marshall/micronésia/estados_federados_da_micronésia/austrália/comunidade_da_austrália/etrúria/estado_de_israel/israel/fidji/república_das_fiji/fiji/república_democrática_de_timor-leste/timor-leste/timor_leste/domingos/domínica/dominica/comunidade_da_dominica/chipre/trinidad_e_tobago/trindade_e_tobago/trinidad_e_tobago/barbados/jamaica/república_dominicana/haiti/república_do_haiti/cuba/comores/tamil_eelam/tamil_eelam/sri-lanka/sri_lanka/sri_lanca/ceilão/sri_lanka/cabo-verde/cabo_verde/cabo_verde/antígua_e_barbuda/reino_das_ilhas_de_antígua_e_barbuda
território	compra_da_luisiana/compra_da_luisiana/darfur/catalunha/cataluña/reino_de_castela/castela/aragão/samoa_americana/samoa_americana/natal/kwazulu-natal/sarawak/sabá/malásia_oriental/malásia_oriental/lake_district/lake_district/acre/marianas_do_norte/ilhas_marianas_do_norte/marianas_setentrionais/território_do_norte/yukón/yukon/nunavut/territórios_do_noroeste/territórios_do_noroeste/acádia/estados_pontifícios/estados_pontifícios/beócia/ática/monte_atos/triangulo_das_bermudas/triângulo_das_bermudas/triângulo_das_bermudas
vale	vale_de_san_joaquin/vale_de_san_fernando/vale_de_são_fernando
mulher	sara/rute/rebeca/raquel/catarina_de_aragão/catarina_de_aragão/bate-seba/bate-seba/eva
mesa	tavola_redonda_do_rei_arthur/tavola_redonda
ambiente	triangulo_das_bermudas/triângulo_das_bermudas/triângulo_das_bermudas
praça	trafalgar_square/trafalgar_square
estrada	passagem_do_noroeste
produtor	eli_whitney/eli_whitney/isaac_merrit_singer
serra	montes_urais/montes_urais/sierra_nevada/sierra_nevada/serra_nevada/serra_nevada/sierra_madre_oriental/sierra_madre_oriental/sierra_madre_ocidental/sierra_madre_ocidental/montanhasrochosas/montanhas_rochosas/montanhas_rochosas/ródope/pireneus/pirenéus/pirinéus/pirineus/pamir/monte_carmelo/kun_lun/kunlun/kun_lun/caracórum/indocuche/hindukush/hindu_kush/himalaia/montanhas_verdes/montanhas_verdes/montanhas_great_smoky/cordilheira_australiana/cordilheira_australiana/montanhas_costeiras/cáucaso/cordilheira_do_cáucaso/cordilheira_do_cáucaso/montanhas_catskill/cordilheira_das_cascatas/cordilheira_das_cascatas/cárpatos/cordilheira_cantábrica/black_hills/alpes_australianos/cordilheira_do_atlas/apalaches/apeninos/cordilheira_dos_andes/andes/montanhas_altai/alpes/montes_allegheny/cordilheira_do_alasca/montanhas_adirondack
vila	rock_springs/laramie/wausau/eau_claire/harpers_ferry/yakima/vancouver/kennewick/bellingham/fredericksburg/rutland/san_angelo/paris/midland/mcallen/mcallen/lufkin/galveston/johnson_city/johnson_city/rapid_city/rapid_city/hershey/gettysburg/muskogee/enid/bartlesville/mansfield/wilmington/asheville/watertown/saratoga_springs/ithaca/princeton/portsmouth/great_falls/são_josé/são_josé/columbia/nyssa/natchez/greenville/columbo/bemidji/monroe/marquette/kalamazoo/plymouth/medford/frederico/brunsvique/bangor/morgan_city/monroe/salina/lawrence/kansas/hays/ottumwa/mason_city/dubuque/lafayette/moline/lest_saint_louis/champaign/cairo/pocatello/lewiston/valdosta/west_palm_beach/west_palm_beach/sarasota/pensacola/key_west/fort_myers/fort_myers/daytona_beach/daytona_beach/boulder/california/san_pablo/san_mateo/san_mateo/palo_alto/palo_alto/monterey/eureka/pine_bluff/pine_bluff/skagway/nome/selma/decatur/entebbe/chalkedon/antioquia/abidos/interlaken/dhahran/cusco/monte_carlo/vichy/dunquerque/chartres/chablis/calais/calé/avinhão/saqqara/nag_hammadi/nag_hammadi/aberdare/cantuária/hastings/sunderland/stratford_upon_avon/stratford-upon-avon/stratford-upon-avon/blackpool/somerset/bath/waterloo/yellowknife/agrigento/anzio/belém/nazaré/acre/platéias/plateias/áccio/âccio/cnossos/mariehamn/maçuá/hohenlinden/hamelin/plzen/plzeň/nogales/timgad/reggane/hipona/jalalabad
embarcação	mayflower/hms_bounty
caminho	passagem_do_noroeste
fronteira	descontinuidade_de_mohorovicic/rubicão/linha_de_controle
navio	mayflower/hms_bounty
comunidade	zulu/língua_xhosa/xhosa/xhosa
torres	obelisco_espacial/obelisco_espacial/torredeeiffel/torre_eiffel/torre_eiffel/torre_cn/torre_cn
comerciante	george_stephenson/george_stephenson/leland_stanford
sítio	latrão
escritor	stefan_zweig/stefan_zweig/s._s._van_dine/virginia_woolf/virginia_woolf/tom_wolfe/tom_wolfe/p._g._wodehouse/p._g._wodehouse/thornton_wilder/thornton_wilder/oscar_wilde/oscar_wilde/elie_wiesel/elie_wiesel/patrick_white/patrick_white/elwyn_brooks_white/elwyn_brooks_white/edith_wharton/edith_wharton/rebecca_west/rebecca_west/h._g._wells/herbert_george_wells/evelyn_waugh/evelyn_waugh/edgar_wallace/edgar_wallace/alice_walker/alice_walker/kurt_vonnegut/kurt_vonnegut/voltaire/júlio_verne/mário_vargas_llosa/john_updike/john_updike/sigrid_undset/sigrid_undset/ivan_turgeniev/ivan_turgeniev/liev_tolstói/john_ronald_reuel_tolkien/j.r.r._tolkien/tolkien/alexis_de_tocqueville/alexis_de_tocqueville/henry_david_thoreau/henry_david_thoreau/william_makepeace_thackeray/william_makepeace_thackeray/rabindranath_tagore/rabindranath_tagore/john_addington_symonds/john_addington_symonds/eugène_sue/william_styron/william_styron/harriet_beecher_stowe/harriet_beecher_stowe/bram_stoker/bram_stoker/robert_louis_stevenson/robert_louis_stevenson/laurence_sterne/laurence_sterne/estêvão/stendhal/john_steinbeck/john_steinbeck/susan_sontag/susan_sontag/alexander_soljenítsin/charles_percy_snow/charles_percy_snow/tobias_smollett/tobias_smollett/isaac_bashevis_singer/isaac_bashevis_singer/upton_sinclair/upton_sinclair/georges_simenon/georges_simenon/mary_shelley/mary_shelley/george_bernard_shaw/george_bernard_shaw/walter_scott/walter_scott/william_saroyan/william_saroyan/carl_sandburg/carl_sandburg/george_sand/george_sand/j.d._salinger/marquês_de_sade/marquês_de_sade/george_william_russell/george_william_russell/salman_rushdie/salman_rushdie/jean-jacques_rousseau/philip_roth/philip_roth/eleanor_roosevelt/eleanor_roosevelt/ayn_rand/ayn_rand/thomas_pynchon/thomas_pynchon/ezra_pound/katherine_anne_porter/o._henry/edgar_allan_pöe/plínio/caio_plínio_cecílio_segundo/plínio,_o_velho/gaius_plinius_secundus/sylvia_plath/sylvia_plath/petrônio/petrónio/boris_pasternak/boris_pasternak/bóris_pasternak/george_orwell/george_orwell/michael_ondaatje/michael_ondaatje/flannery_o'connor/flannery_o'connor/joyce_carol_oates/joyce_carol_oates/ogden_nash/ogden_nash/alfred_de_musset/alfred_de_musset/iris_murdoch/iris_murdoch/saki/toni_morrison/toni_morrison/thomas_more/thomas_more/jessica_mitford/alan_alexander_milne/alan_alexander_milne/thomas_merton/thomas_merton/herman_melville/herman_melville/marshall_mcluhan/marshall_mcluhan/carson_mccullers/carson_mccullers/andré_maurois/andré_maurois/françois_mauriac/françois_mauriac/guy_de_maupassant/guy_de_maupassant/w._somerset_maugham/w._somerset_maugham/marisma/alessandro_manzoni/alessandro_manzoni/katherine_mansfield/katherine_mansfield/thomas_mann/andré_malraux/andré_malraux/thomas_malory/thomas_malory/norman_mailer/norman_mailer/john_lyly/john_lyly/jack_london/jack_london/clive_staples_lewis/clive_staples_lewis/doris_lessing/doris_lessing/mikhail_lérmontov/leonardo/john_le_carré/t._e._lawrence/t._e._lawrence/d._h._lawrence/françois_de_la_rochefoucauld/françois_de_la_rochefoucauld/jean_de_la_fontaine/jean_de_la_fontaine/rudyard_kipling/rudyard_kipling/ken_kesey/ken_kesey/jack_kerouac/jack_kerouac/helen_keller/helen_keller/franz_kafka/franz_kafka/james_joyce/james_joyce/erica_jong/erica_jong/samuel_johnson/samuel_johnson/johannes_vilhelm_jensen/johannes_vilhelm_jensen/james/henry_james/henry_james/jane_jacobs/jane_jacobs/helen_hunt_jackson/christopher_isherwood/christopher_isherwood/washington_irving/washington_irving/john_irving/aldous_huxley/aldous_huxley/leigh_hunt/leigh_hunt/langston_hughes/langston_hughes/l._ron_hubbard/l._ron_hubbard/william_dean_howells/william_dean_howells/e.t.a._hoffmann/paul_johann_ludwig_von_heyse/paul_johann_ludwig_von_heyse/hesse/ernest_hemingway/ernest_hemingway/joseph_heller/joseph_heller/robert_a._heinlein/robert_a._heinlein/nathaniel_hawthorne/nathaniel_hawthorne/bret_harte/bret_harte/knut_hamsun/knut_hamsun/dashiell_hammett/dashiell_hammett/alex_haley/edward_everett_hale/edward_everett_hale/wilhelm_grimm/wilhelm_grimm/jacob_grimm/jacob_grimm/graham_greene/graham_greene/robert_graves/robert_graves/gunter_grass/günter_grass/kenneth_grahame/kenneth_grahame/nadine_gordimer/nadine_gordimer/jules_de_goncourt/jules_de_goncourt/edmond_de_goncourt/witold_gombrowicz/oliver_goldsmith/oliver_goldsmith/ourives/nikolai_gogol/nikolai_gogol/andré_gide/andré_gide/theodor_seuss_geisel/theodor_seuss_geisel/erle_stanley_gardner/john_galsworthy/john_galsworthy/émile_gaboriau/carlos_fuentes/carlos_fuentes/benjamin_franklin/benjamin_franklin/anatole_france/anatole_france/c._s._forester/c.s._forester/ford_madox_ford/ian_fleming/ian_fleming/gustave_flaubert/gustave_flaubert/f._scott_fitzgerald/f._scott_fitzgerald/henry_fielding/henry_fielding/ralph_waldo_emerson/ralph_waldo_emerson/george_eliot/george_eliot/lawrence_durrell/lawrence_durrell/daphne_du_maurier/daphné_du_maurier/dumas/alexandre_dumas/theodore_dreiser/theodore_dreiser/fiódor_dostoiévski/john_dos_passos/john_dos_passos/karen_blixen/karen_blixen/joan_didion/joan_didion/charles_dickens/charles_dickens/thomas_de_quincey/daniel_dëfoe/daniel_defoe/daniel_deföe/stephen_crane/james_fenimore_cooper/james_fenimore_cooper/joseph_conrad/joseph_conrad/arthur_conan_doyle/arthur_conan_doyle/wilkie_collins/colette/jean_cocteau/jean_cocteau/mark_twain/mark_twain/winston_churchill/winston_churchill/agatha_christie/g._k._chesterton/g._k._chesterton/john_cheever/john_cheever/françois-rené_de_chateaubriand/françois-rené_de_chateaubriand/raymond_chandler/raymond_chandler/miguel_de_cervantes/miguel_de_cervantes/willa_cather/willa_cather/lewis_carroll/lewis_carroll/karel_capek/karel_čapek/karel_capek/elias_canetti/elias_canetti/albert_camus/albert_camus/ítalo_calvino/erskine_caldwell/james_branch_cabell/james_branch_cabell/william_s._burroughs/william_s._burroughs/edgar_rice_burroughs/frances_hodgson_burnett/frances_hodgson_burnett/john_bunyan/john_bunyan/anne_brontë/emily_brontë/ray_bradbury/ray_bradbury/james_boswell/james_boswell/jorge_luís_borges/heinrich_böll/heinrich_böll/ambrose_bierce/ambrose_bierce/robert_benchley/robert_benchley/saul_bellow/saul_bellow/hilaire_belloc/hilaire_belloc/max_beerbohm/max_beerbohm/samuel_beckett/samuel_beckett/simone_de_beauvoir/simone_de_beauvoir/jane_austen/jane_austen/isaac_asimov/isaac_asimov/sholem_asch/louis_aragon/aragão/louis_aragon/sherwood_anderson/sherwood_anderson/hans_christian_andersen/hans_christian_andersen/nelson_algren/nelson_algren/conrad_aiken/conrad_aiken
deus	quetzalcóatl/quetzalcoatl/quetzalcóatl/quetzalcoatl/arhat/arhat/bodisatvas/bodisatva/bodisatva/bodisatvas/bodisatva/bodisatva/morfeu/morfeu/hipnos/hipnos/demogorgon/demogorgon
século	era_cristã/era_comum/califado/califados
manobra	operação_tempestade_no_deserto/tempestade_no_deserto
soldado	t._e._lawrence/t._e._lawrence/césar_bórgia/césar_bórgia/cesar_bórgia/ethan_allen/ethan_allen
prédio	independence_hall
bairro	times_square/times_square/soho/hell's_kitchen/harlem/coney_island/coney_island/hollywood/rive_droite/montmartre/rive_gauche/wembley/soho/bloomsbury/berlim_ocidental/berlim_ocidental
ilha	ilha_kodiak/ilha_kodiak/ilha/ilhota/ilhotas/ilhas_da_nova_sibéria/ilhas_da_nova_sibéria/krakatao/ilha_de_krakatoa/ilha_de_krakatoa/ilha_galveston/long_island/long_island/ellis_island/ellis_island/manhattan/ilha_de_manhattan/ilha_da_liberdade/ilha_da_liberdade/nantucket/martha's_vineyard/oahu/molokai/maui/lanai/kauai/kahoolawe/havaí/havai/ilha_admiralty/zanzibar/tenerife/canárias/maiorca/mallorca/nova_zembla/nova_zembla/cingapura/singapura/seicheles/seychelles/ilha_do_príncipe/ilha_do_príncipe/samoa/ilhas_samoa/taiti/são_vicente/santa_lúcia/santa_lúcia/nevedfsd/são_cristóvão/madeira/região_autónoma_dos_açores/açores/mindoro/mindanau/luzon/cebu/ilha_sul/ilha_do_sul/ilha_sul/ilha_norte/ilha_do_norte/ilha_norte/nova_zelândia/república_de_malta/malta/madagáscar/madagascar/república_de_madagáscar/islandia/islândia/república_da_islândia/ilhas_faroé/ilhas_féroe/martinica/corsega/córsega/île_saint-louis/iwojima/iwo_jima/iwo_jima/shikoku/kyūshū/kyushu/kyūshu/honshu/honshū/hokkaidō/hokkaido/província_de_hokkaido/ilhas_molucas/celebes/célebes/sumatra/samatra/timor/bali/báli/java/anglesey/ilha_de_skye/ilha_de_skye/ilha_de_man/ilha_de_man/ilhas_do_canal/ilhas_do_canal/irlanda/grã-bretanha/grã_bretanha/ilhas_britânicas/ilhas_britânicas/barém/bahrein/nova_irlanda/nova_guiné/nova_guiné/nova_caledônia/nova_caledónia/nova_bretanha/guadalcanal/bornéu/borneu/nauru/ilha_wake/ilha_wake/guam/guame/saipan/ilha_norfolk/tasmânia/ilha_cape_breton/ilha_cape_breton/terra_nova/terranova/terra_nova/ilha_vancouver/ilha_vancouver/ilha_de_baffin/ilha_de_baffin/gronelândia/groênlandia/gronelandia/groenlândia/sicília/sardenha/isquia/ischia/ísquia/capri/lemnos/ilhas_égadi/ilhas_égadi/ítaca/creta/vanua_levu/vanua_levu/viti_levu/viti_levu/galápagos/svalbard/spitsbergen/bioko/zelândia/chipre/tobago/trinidad/barbados/ilhas_virgens/ilhas_virgens/jamaica/vieques/culebra/porto_rico/ilha_de_são_domingos/hispaniola/república_do_haiti/ilha_de_são_domingos/haiti/guadalupe/cuba/san_martin/sankt_martin/sint_eustatius/sint_eustatius/saba/curaçao/bonaire/aruba/antilhas_holandesas/antilhas_neerlandesas/antilhas_holandesas/ilha_de_guadalupe/ilha_de_guadalupe/formosa/república_da_china/taiwan/ilha_formosa/ilha_de_formosa/taiwan/formosa/ilhas_falkland/ilhas_malvinas/monserrate/montserrat/ilha_bouvet/ilha_bouvet/bermudas/redonda/barbuda/antígua/ilhas_de_aran/anguilha/anguila/anguilla
rebelião	revolta_dos_sipais/revolta_dos_sipais/revolta_camponesa_de_1381/revolta_camponesa_de_1381
mãe	virgem_maria/mãe_de_jesus/maria
jurista	abraham_lincoln/abraham_lincoln/francis_scott_key/francis_scott_key/john_edgar_hoover/john_edgar_hoover/clarence_darrow/clarence_darrow/william_jennings_bryan/william_jennings_bryan/averróis
etapa	grande_cisma_do_oriente/grande_cisma_do_oriente/neolítico/neolítico/mesolítico/paleolítico_superior/paleolítico_superior/paleolítico_médio/paleolítico_médio/paleolítico_inferior/paleolítico/idade_da_pedra/idade_da_pedra/idade_do_ferro/idade_do_ferro/idade_do_bronze
comarca	compra_da_luisiana/compra_da_luisiana/darfur/catalunha/cataluña/reino_de_castela/castela/aragão/samoa_americana/samoa_americana/natal/kwazulu-natal/sarawak/sabá/malásia_oriental/malásia_oriental/lake_district/lake_district/acre/marianas_do_norte/ilhas_marianas_do_norte/marianas_setentrionais/território_do_norte/yukón/yukon/nunavut/territórios_do_noroeste/territórios_do_noroeste/acádia/estados_pontifícios/estados_pontifícios/beócia/ática/monte_atos
mata	sherwood/floresta_negra/floresta_negra
monte	san_juan_hill/black_hills/flodden/palatino/sete_colinas_de_roma/peninos/montescheviot/sião/gólgota/calvário/areópago
província	abecásia/cabodaboaesperança/cabo/transvaal/estado_livre/estado_livre/província_do_estado_livre/bornéu/bengala_ocidental/bengala_ocidental/orissa/uttar_pradesh/uttar_pradesh/tâmil_nadu/tamil_nadu/tamil_nadu/gujarat/guzerate/goa/bihar/andhra_pradesh/andhra_pradesh/manipur/karnataka/assam/tirol/bósnia/kosovo/baviera/baixa_saxônia/baixa_saxônia/baixa_saxónia/tabasco/quintana_roo/quintana_roo/coahuila_de_zaragoza/coahuila_de_zaragoza/chihuahua/campeche/iucatã/mongólia_interior/mongólia_interior/xinjiang/yunnan/sichuan/hunan/hebei/gansu/guangdong
domínio	compra_da_luisiana/compra_da_luisiana/darfur/catalunha/cataluña/reino_de_castela/castela/aragão/samoa_americana/samoa_americana/natal/kwazulu-natal/sarawak/sabá/malásia_oriental/malásia_oriental/lake_district/lake_district/acre/marianas_do_norte/ilhas_marianas_do_norte/marianas_setentrionais/território_do_norte/yukón/yukon/nunavut/territórios_do_noroeste/territórios_do_noroeste/acádia/estados_pontifícios/estados_pontifícios/beócia/ática/monte_atos
proximidade	rive_droite/montmartre/rive_gauche
batalha	batalha_da_grã-bretanha
lago	lago_winnipeg/lago_winnipeg/lago_seneca/lago_seneca/lago_okeechobee/lago_okeechobee/lago_vitória/lago_vitória/lago_vänern/lago_vänern/lago_urmia/lago_urmia/tanganyika/lago_tanganica/lago_tana/lago_tana/lago_superior/lago_superior/lago_saint_clair/lago_ontário/lago_onega/lago_onega/lago_niassa/lago_niassa/lago_malawi/lago_nasser/lago_nasser/lago_michigan/lago_michigan/lago_ládoga/lago_ilmen/lago_ilmen/lago_huron/lago_huron/lago_léman/lago_lemano/erié/lago_erie/lago_erie/lago_eduardo/lago_chade/lago_chade/república_do_tchad/chade/mar_de_aral/aral/mar_de_aral/lago_alberto/lago_alberto/lago_kivu/lago_kivu/ijsselmeer/lago_ysse/grande_lago_do_escravo/grande_lago_do_escravo/grande_lago_salgado/grande_lago_salgado/lago_eyre/lago_eyre/erié/mar_morto/mar_morto/lago_de_constança/lago_tahoe/lago_tahoe/lago_baikal/baical/lago_baikal/lago_cayuga/lago_cayuga/mar_cáspio/cáspio/lago_balaton/lago_balaton
insurreição	revolta_dos_sipais/revolta_dos_sipais/revolta_camponesa_de_1381/revolta_camponesa_de_1381
parque	central_park/central_park
edifício	independence_hall
doutor	thomas_sydenham/thomas_sydenham/albert_schweitzer/albert_schweitzer/paracelso/edward_jenner/edward_jenner/george_huntington/william_harvey/william_harvey/christiaan_eijkman/christiaan_eijkman/robert_bárány/robert_bárány/avicena/averróis
artista	orson_welles/orson_welles/john_wayne/john_wayne/spencer_tracy/spencer_tracy/louis_comfort_tiffany/erich_von_stroheim/erich_von_stroheim/lee_strasberg/lee_strasberg/frank_sinatra/frank_sinatra/peter_sellers/george_c._scott/george_c._scott/edward_g._robinson/edward_g._robinson/ralph_richardson/ralph_richardson/robert_redford/robert_redford/sidney_poitier/sidney_poitier/peter_o'toole/peter_o'toole/laurence_olivier/laurence_olivier/paul_newman/paul_newman/dudley_moore/dudley_moore/robert_mitchum/robert_mitchum/james_mason/béla_lugosi/peter_lorre/harold_lloyd/harold_lloyd/jack_lemmon/jack_lemmon/bruce_lee/bruce_lee/edward_lear/edward_lear/charles_laughton/gene_kelly/gene_kelly/buster_keaton/buster_keaton/edmund_kean/edmund_kean/boris_karloff/boris_karloff/al_jolson/al_jolson/jasper_johns/jasper_johns/anthony_hopkins/anthony_hopkins/dustin_hoffman/dustin_hoffman/héming/rex_harrison/tom_hanks/alec_guinness/alec_guinness/cary_grant/cary_grant/mel_gibson/mel_gibson/david_garrick/clark_gable/clark_gable/henry_fonda/douglas_fairbanks_jr./douglas_fairbanks/jr./douglas_fairbanks/douglas_fairbanks/marcel_duchamp/marcel_duchamp/gerard_depardieu/gérard_depardieu/gérard_depardieu/de_niro/robert_de_niro/james_dean/james_dean/bing_crosby/bing_crosby/hume_cronyn/hume_cronyn/noel_coward/noël_coward/noel_coward/gary_cooper/gary_cooper/maurice_chevalier/maurice_chevalier/james_cagney/james_cagney/richard_burton/richard_burton/richard_burbage/john_wilkes_booth/john_wilkes_booth/humphrey_bogart/humphrey_bogart/john_barrymore/john_barrymore/lionel_barrymore/lionel_barrymore/john_james_audubon/john_james_audubon/fred_astaire/fred_astaire/hans_arp/woody_allen/woody_allen
museu	museu_do_louvre/louvre/basílica_de_santa_sofia/basílica_de_santa_sofia
mar	mar_amarelo/mar_amarelo/mar_de_weddell/mar_de_weddell/mar_tirreno/mar_tirreno/mar_de_timor/mar_de_timor/mar_da_tasmânia/mar_da_tasmânia/mar_da_china_meridional/mar_da_china_meridional/mar_de_okhotsk/mar_do_japão/mar_dos_sargaços/mar_dos_sargaços/mar_de_ross/mar_de_ross/mar_vermelho/mar_vermelho/mar_da_noruega/mar_da_noruega/mar_do_norte/mediterrâneo/mar_mediterrâneo/mar_de_mármara/mar_de_mármara/mar_lígure/mar_lígure/mar_de_laptev/mar_de_laptev/mar_do_labrador/mar_do_labrador/mar_de_kara/mar_de_kara/mar_da_irlanda/mar_jônico/mar_jónico/mar_interior/baía_de_hudson/baía_de_hudson/mar_da_gronelândia/mar_da_gronelândia/mar_da_china_oriental/mar_da_china_oriental/mar_de_coral/mar_de_coral/mar_de_chukchi/mar_do_caribe/caribe/mar_negro/mar_de_bismarck/mar_de_bering/mar_de_bering/mardebering/mar_de_beaufort/mar_de_beaufort/mar_de_barents/mar_báltico/mar_báltico/báltico/baía_de_baffin/baía_de_baffin/baía_de_bafim/mar_de_arafura/mar_de_arafura/mar_arábico/mar_arábico/mar_egeu/egeu/adriático/mar_adriático
litoral	eólia/barbária/costa_da_berbéria/costa_barbaresca/costa_berberisca
jazida	cidade_de_londres/cidade_de_londres
hostilidade	guerra_fria/guerra_fria
jardim	jardins_suspensos_da_babilônia/jardins_suspensos_da_babilônia
esposa	sara/rute/rebeca/raquel/catarina_de_aragão/catarina_de_aragão/bate-seba/bate-seba
vizinho	rive_droite/montmartre/rive_gauche
floresta	sherwood/floresta_negra/floresta_negra
poeta	edward_young/william_butler_yeats/william_butler_yeats/william_wordsworth/william_wordsworth/william_carlos_williams/john_greenleaf_whittier/walt_whitman/walt_whitman/isaac_watts/virgílio/françois_villon/françois_villon/paul_verlaine/paul_verlaine/tristan_tzara/tristan_tzara/dylan_thomas/téspis_de_ática/alfred_tennyson/torquato_tasso/torquato_tasso/arthur_symons/algernon_charles_swinburne/algernon_charles_swinburne/wallace_stevens/wallace_stevens/edmund_spenser/stephen_spender/robert_southey/robert_southey/percy_bysshe_shelley/percy_bysshe_shelley/william_shakespeare/william_shakespeare/anne_sexton/anne_sexton/edmond_rostand/edmond_rostand/arthur_rimbaud/arthur_rimbaud/rainer_maria_rilke/rainer_maria_rilke/jean_racine/jean_racine/alexandre_pushkin/alexandre_pushkin/ezra_pound/alexander_pope/pope/edgar_allan_pöe/sylvia_plath/sylvia_plath/pindaro/píndaro/francesco_petrarca/francesco_petrarca/ovídio/ovidio/omar_khayyām/omar_khayyam/omar_khayyam/omar_khayyám/pablo_neruda/pablo_neruda/alfred_de_musset/alfred_de_musset/william_morris/william_morris/marianne_moore/john_milton/john_milton/john_masefield/marcial/christopher_marlowe/christopher_marlowe/giambattista_marino/osip_mandelstam/stéphane_mallarmé/stéphane_mallarmé/lucrécio/robert_lowell/henry_wadsworth_longfellow/henry_wadsworth_longfellow/friedrich_gottlieb_klopstock/francis_scott_key/francis_scott_key/john_keats/john_keats/erik_axel_karlfeldt/erik_axel_karlfeldt/ben_jonson/ben_jonson/juan_ramón_jiménez/juan_ramón_jiménez/robinson_jeffers/henrik_ibsen/hugo/victor_hugo/victor_hugo/ted_hughes/alfred_edward_housman/alfred_edward_housman/horacio/horácio/gerard_manley_hopkins/gerard_manley_hopkins/homero/hesíodo/hesiodo/thomas_gray/gray/thomas_gray/goethe/johann_wolfgang_von_goethe/johann_wolfgang_von_goethe/allen_ginsberg/allen_ginsberg/gilberto/robert_frost/robert_frost/t._s._eliot/john_dryden/john_dryden/john_donne/john_donne/emily_dickinson/emily_dickinson/dante_alighieri/dante_alighieri/harold_hart_crane/pierre_corneille/pierre_corneille/samuel_taylor_coleridge/samuel_taylor_coleridge/geoffrey_chaucer/geoffrey_chaucer/catulo/giosuè_carducci/giosuè_carducci/calderón_de_la_barca/robert_browning/robert_browning/elizabeth_barrett_browning/rupert_brooke/rupert_brooke/bertolt_brecht/bertolt_brecht/giovanni_boccaccio/giovanni_boccaccio/william_blake/william_blake/charles_baudelaire/charles_baudelaire/w._h._auden/w._h._auden/hans_arp/matthew_arnold/matthew_arnold/guillaume_apollinaire/guillaume_apollinaire
governante	tamerlão
regiões	extremo_oriente/extremo-oriente/extremo_oriente/velho_mundo
baixada	vale_de_san_joaquin/vale_de_san_fernando/vale_de_são_fernando
solo	america/américa/américas/continente_americano
reino	história_da_numídia/numídia
fuga	underground_railroad/hégira
biografia	vidas_paralelas/vidas_paralelas
assentamento	nova_amsterdã/novaiorque/nova_amsterdã/gibraltar
cientista	robert_hooke/robert_hooke/william_harvey/william_harvey/francis_galton/francis_galton/benjamin_franklin/benjamin_franklin/roger_bacon/roger_bacon
anexo	rive_droite/montmartre/rive_gauche
colônia	nova_amsterdã/novaiorque/nova_amsterdã/gibraltar
circunscrição	compra_da_luisiana/compra_da_luisiana/darfur/catalunha/cataluña/reino_de_castela/castela/aragão/samoa_americana/samoa_americana/natal/kwazulu-natal/sarawak/sabá/malásia_oriental/malásia_oriental/lake_district/lake_district/acre/marianas_do_norte/ilhas_marianas_do_norte/marianas_setentrionais/território_do_norte/yukón/yukon/nunavut/territórios_do_noroeste/territórios_do_noroeste/acádia/estados_pontifícios/estados_pontifícios/beócia/ática/monte_atos
morro	san_juan_hill/flodden/palatino/sete_colinas_de_roma/peninos/montescheviot/sião/gólgota/calvário/areópago
hemisfério	hemisfério_sul
estrela	sol/sol/spica/regulus/pólux/deneb/becrux/beta_centauri/acrux
era	era_cristã/era_comum/califado/califados
educador	willard/andrew_dickson_white/booker_t._washington/booker_t._washington/anne_sullivan/anne_sullivan/carl_orff/carl_orff/james_naismith/james_naismith/horace_mann/horace_mann/abbott_lawrence_lowell/thomas_hopkins_gallaudet/thomas_hopkins_gallaudet/john_dewey/john_dewey/comenius/dale_carnegie/dale_carnegie/louis_braille/louis_braille
relevo	america/américa/américas/continente_americano
horto	jardins_suspensos_da_babilônia/jardins_suspensos_da_babilônia
dr.	thomas_sydenham/thomas_sydenham/albert_schweitzer/albert_schweitzer/paracelso/edward_jenner/edward_jenner/george_huntington/william_harvey/william_harvey/christiaan_eijkman/christiaan_eijkman/robert_bárány/robert_bárány/avicena/averróis
rota	passagem_do_noroeste
intérprete	orson_welles/orson_welles/john_wayne/john_wayne/spencer_tracy/spencer_tracy/erich_von_stroheim/erich_von_stroheim/lee_strasberg/lee_strasberg/frank_sinatra/frank_sinatra/peter_sellers/george_c._scott/george_c._scott/edward_g._robinson/edward_g._robinson/ralph_richardson/ralph_richardson/robert_redford/robert_redford/sidney_poitier/sidney_poitier/peter_o'toole/peter_o'toole/laurence_olivier/laurence_olivier/paul_newman/paul_newman/dudley_moore/dudley_moore/robert_mitchum/robert_mitchum/james_mason/béla_lugosi/peter_lorre/harold_lloyd/harold_lloyd/jack_lemmon/jack_lemmon/bruce_lee/bruce_lee/charles_laughton/gene_kelly/gene_kelly/buster_keaton/buster_keaton/edmund_kean/edmund_kean/boris_karloff/boris_karloff/al_jolson/al_jolson/anthony_hopkins/anthony_hopkins/dustin_hoffman/dustin_hoffman/héming/rex_harrison/tom_hanks/alec_guinness/alec_guinness/cary_grant/cary_grant/mel_gibson/mel_gibson/david_garrick/clark_gable/clark_gable/henry_fonda/douglas_fairbanks_jr./douglas_fairbanks/jr./douglas_fairbanks/douglas_fairbanks/gerard_depardieu/gérard_depardieu/gérard_depardieu/de_niro/robert_de_niro/james_dean/james_dean/bing_crosby/bing_crosby/hume_cronyn/hume_cronyn/noel_coward/noël_coward/noel_coward/gary_cooper/gary_cooper/maurice_chevalier/maurice_chevalier/james_cagney/james_cagney/richard_burton/richard_burton/richard_burbage/john_wilkes_booth/john_wilkes_booth/humphrey_bogart/humphrey_bogart/john_barrymore/john_barrymore/lionel_barrymore/lionel_barrymore/fred_astaire/fred_astaire/woody_allen/woody_allen
judeu	jesus_da_galiléia/cristo/jesus/jesus_de_nazaré/jesus_nazareno/jesus_cristo/lot/departamento_de_lot
fabricante	eli_whitney/eli_whitney/isaac_merrit_singer
ator	orson_welles/orson_welles/john_wayne/john_wayne/spencer_tracy/spencer_tracy/erich_von_stroheim/erich_von_stroheim/lee_strasberg/lee_strasberg/frank_sinatra/frank_sinatra/peter_sellers/george_c._scott/george_c._scott/edward_g._robinson/edward_g._robinson/ralph_richardson/ralph_richardson/robert_redford/robert_redford/sidney_poitier/sidney_poitier/peter_o'toole/peter_o'toole/laurence_olivier/laurence_olivier/paul_newman/paul_newman/dudley_moore/dudley_moore/robert_mitchum/robert_mitchum/james_mason/béla_lugosi/peter_lorre/harold_lloyd/harold_lloyd/jack_lemmon/jack_lemmon/bruce_lee/bruce_lee/charles_laughton/gene_kelly/gene_kelly/buster_keaton/buster_keaton/edmund_kean/edmund_kean/boris_karloff/boris_karloff/al_jolson/al_jolson/anthony_hopkins/anthony_hopkins/dustin_hoffman/dustin_hoffman/héming/rex_harrison/tom_hanks/alec_guinness/alec_guinness/cary_grant/cary_grant/mel_gibson/mel_gibson/david_garrick/clark_gable/clark_gable/henry_fonda/douglas_fairbanks_jr./douglas_fairbanks/jr./douglas_fairbanks/douglas_fairbanks/gerard_depardieu/gérard_depardieu/gérard_depardieu/de_niro/robert_de_niro/james_dean/james_dean/bing_crosby/bing_crosby/hume_cronyn/hume_cronyn/noel_coward/noël_coward/noel_coward/gary_cooper/gary_cooper/maurice_chevalier/maurice_chevalier/james_cagney/james_cagney/richard_burton/richard_burton/richard_burbage/john_wilkes_booth/john_wilkes_booth/humphrey_bogart/humphrey_bogart/john_barrymore/john_barrymore/lionel_barrymore/lionel_barrymore/fred_astaire/fred_astaire/woody_allen/woody_allen
roque	obelisco_espacial/obelisco_espacial/torredeeiffel/torre_eiffel/torre_eiffel/torre_cn/torre_cn
compositor	hugo_wolf/hugo_wolf/kurt_weill/kurt_weill/carl_maria_von_weber/william_walton/richard_wagner/richard_wagner/óperas_de_antonio_vivaldi/antonio_vivaldi/antonio_vivaldi/villa-lobos/heitor_villa-lobos/giuseppe_verdi/giuseppe_verdi/ralph_vaughan_williams/varese/georg_philipp_telemann/georg_philipp_telemann/piotr_ilitch_tchaikovsky/tchaikovsky/piotr_ilitch_tchaikovsky/thomas_tallis/thomas_tallis/arthur_seymour_sullivan/arthur_seymour_sullivan/igor_stravinski/composições_de_ígor_stravinski/ígor_stravinski/igor_stravinski/richard_strauss/óperas_de_richard_strauss/richard_strauss/johann_strauss/john_philip_sousa/john_philip_sousa/stephen_sondheim/stephen_sondheim/bedřich_smetana/bedřich_smetana/jean_sibelius/jean_sibelius/dmítri_shostakovitch/andrés_segovia/robert_schumann/robert_schumann/franz_schubert/composições_de_arnold_schoenberg/arnold_schonberg/arnold_schönberg/arnold_schönberg/erik_satie/composições_de_erik_satie/erik_satie/gioachino_rossini/sigmund_romberg/richard_rodgers/ottorino_respighi/steve_reich/steve_reich/maurice_ravel/composições_de_maurice_ravel/maurice_ravel/jean-philippe_rameau/jean-philippe_rameau/jean_philippe_rameau/sergei_rachmaninoff/sergei_rachmaninoff/henry_purcell/henry_purcell/giacomo_puccini/giacomo_puccini/serguei_prokofiev/serguei_prokófiev/serguei_prokofiev/francis_poulenc/francis_poulenc/cole_porter/cole_porter/walter_piston/walter_piston/giovanni_pierluigi_da_palestrina/giovanni_pierluigi_da_palestrina/álbuns_de_roy_orbison/roy_orbison/roy_orbison/jacques_offenbach/jacques_offenbach/carl_nielsen/modest_mussorgsky/modest_mussorgsky/composições_de_modest_mussorgsky/wolfgang_amadeus_mozart/wolfgang_amadeus_mozart/claudio_monteverdi/darius_milhaud/darius_milhaud/giacomo_meyerbeer/giacomo_meyerbeer/óperas_de_giacomo_meyerbeer/gian_carlo_menotti/giancarlo_menotti/gian-carlo_menotti/jakob_ludwig_felix_mendelssohn-bartholdy/felix_mendelssohn/mendelssohn/jules_massenet/jules_massenet/gustav_mahler/gustav_mahler/edward_macdowell/edward_macdowell/óperas_de_jean-baptiste_lully/jean-baptiste_lully/jean-baptiste_lully/jean_baptiste_lully/andrew_lloyd_webber/andrew_lloyd_webber/franz_liszt/franz_liszt/franz_lehar/franz_lehár/franz_lehár/leadbelly/constant_lambert/aram_khachaturian/jerome_kern/jerome_kern/aram_kachaturian/scott_joplin/joaquim/joseph_joachim/jacques_ibert/jacques_ibert/engelbert_humperdinck/engelbert_humperdinck/arthur_honegger/arthur_honegger/paul_hindemith/paul_hindemith/joseph_haydn/joseph_haydn/w._c._handy/w._c._handy/georg_friedrich_händel/georg_friedrich_händel/georg_friedrich_handel/jacques_fromental_halévy/edvard_grieg/edvard_grieg/percy_grainger/percy_grainger/charles_gounod/charles_gounod/christoph_willibald_gluck/christoph_willibald_gluck/mikhail_glinka/mikhaïl_glinka/mikhail_glinka/george_gershwin/george_gershwin/césar_franck/césar_franck/cesar_franck/manuel_de_falla/george_enescu/dvorak/antonin_dvorak/paul_dukas/paul_dukas/john_dowland/gaetano_donizetti/gaetano_donizetti/frederick_delius/léo_delibes/léo_delibes/leo_delibes/claude_debussy/claude_debussy/noel_coward/noël_coward/noel_coward/françois_couperin/françois_couperin/arcangelo_corelli/arcangelo_corelli/aaron_copland/aaron_copland/luigi_cherubini/carlos_chávez/carlos_chávez/john_cage/john_cage/william_byrd/anton_bruckner/anton_bruckner/max_bruch/max_bruch/benjamin_britten/composições_de_benjamin_britten/benjamin_britten/johannes_brahms/johannes_brahms/pierre_boulez/pierre_boulez/ernest_bloch/ernest_bloch/georges_bizet/georges_bizet/leonard_bernstein/leonard_bernstein/hector_berlioz/hector_berlioz/alban_berg/alban_berg/vincenzo_bellini/vincenzo_bellini/ludwig_van_beethoven/béla_bartok/béla_bartók/bela_bartok/bela_bartók/samuel_barber/samuel_barber/bach/johann_sebastian_bach/johann_sebastian_bach/ambrósio_de_milão/ambrósio_de_milão
músico	carl_orff/carl_orff/carl_orff/carl_orff/yoko_ono/yoko_ono/yoko_ono/yoko_ono
menino	esaú/esau
torre	obelisco_espacial/obelisco_espacial/torredeeiffel/torre_eiffel/torre_eiffel/torre_cn/torre_cn
cais	pearl_harbor/pearl_harbor/cesareia
navios	mayflower/hms_bounty
aldeia	rock_springs/laramie/wausau/eau_claire/harpers_ferry/yakima/vancouver/kennewick/bellingham/fredericksburg/rutland/san_angelo/paris/midland/mcallen/mcallen/lufkin/galveston/johnson_city/johnson_city/rapid_city/rapid_city/hershey/gettysburg/muskogee/enid/bartlesville/mansfield/wilmington/asheville/watertown/saratoga_springs/ithaca/princeton/portsmouth/great_falls/são_josé/são_josé/columbia/nyssa/natchez/greenville/columbo/bemidji/monroe/marquette/kalamazoo/plymouth/medford/frederico/brunsvique/bangor/morgan_city/monroe/salina/lawrence/kansas/hays/ottumwa/mason_city/dubuque/lafayette/moline/lest_saint_louis/champaign/cairo/pocatello/lewiston/valdosta/west_palm_beach/west_palm_beach/sarasota/pensacola/key_west/fort_myers/fort_myers/daytona_beach/daytona_beach/boulder/california/san_pablo/san_mateo/san_mateo/palo_alto/palo_alto/monterey/eureka/pine_bluff/pine_bluff/skagway/nome/selma/decatur/entebbe/chalkedon/antioquia/abidos/interlaken/dhahran/cusco/monte_carlo/vichy/dunquerque/chartres/chablis/calais/calé/avinhão/saqqara/nag_hammadi/nag_hammadi/aberdare/cantuária/hastings/sunderland/stratford_upon_avon/stratford-upon-avon/stratford-upon-avon/blackpool/somerset/bath/waterloo/yellowknife/agrigento/anzio/belém/nazaré/acre/platéias/plateias/áccio/âccio/cnossos/mariehamn/maçuá/hohenlinden/hamelin/plzen/plzeň/nogales/timgad/reggane/hipona/jalalabad
cineasta	filmes_de_fred_zinnemann/fred_zinnemann/fred_zinnemann/filmes_de_william_wyler/william_wyler/william_wyler/filmes_de_billy_wilder/billy_wilder/billy_wilder/orson_welles/orson_welles/andrzej_wajda/andrzej_wajda/josef_von_sternberg/françois_truffaut/françois_truffaut/filmes_de_françois_truffaut/jacques_tati/jacques_tati/andrei_tarkóvski/quentin_tarantino/quentin_tarantino/oliver_stone/filmes_de_oliver_stone/oliver_stone/george_stevens/george_stevens/filmes_de_george_stevens/filmes_de_steven_spielberg/steven_spielberg/steven_spielberg/mack_sennett/martin_scorsese/martin_scorsese/filmes_de_martin_scorsese/ken_russell/ken_russell/robert_redford/robert_redford/sydney_pollack/sydney_pollack/filmes_de_sydney_pollack/louis_b._mayer/george_lucas/lucas/ernst_lubitsch/ernst_lubitsch/spike_lee/akira_kurosawa/akira_kurosawa/stanley_kubrick/stanley_kubrick/krzysztof_kieslowski/kieslowski/filmes_de_norman_jewison/norman_jewison/norman_jewison/john_huston/john_huston/howard_hughes/howard_hughes/d._w._griffith/d._w._griffith/samuel_goldwyn/jean-luc_godard/john_ford/john_ford/federico_fellini/filmes_de_federico_fellini/federico_fellini/serguei_eisenstein/walt_disney/walt_disney/vittorio_de_sica/cecil_b._de_mille/cecil_b._demille/cecil_b._demille/filmes_de_cecil_b._demille/francis_ford_coppola/francis_ford_coppola/jean_cocteau/jean_cocteau/charlie_chaplin/frank_capra/filmes_de_frank_capra/frank_capra/bernardo_bertolucci/filmes_de_bernardo_bertolucci/bernardo_bertolucci/woody_allen/woody_allen
atleta	babe_didrikson_zaharias/jim_thorpe/jim_thorpe/jesse_owens/jesse_owens/dick_fosbury
montanha	san_juan_hill/black_hills/flodden/palatino/sete_colinas_de_roma/peninos/montescheviot/sião/gólgota/calvário/areópago
povoado	rock_springs/laramie/wausau/eau_claire/harpers_ferry/yakima/vancouver/kennewick/bellingham/fredericksburg/rutland/san_angelo/paris/midland/mcallen/mcallen/lufkin/galveston/johnson_city/johnson_city/rapid_city/rapid_city/hershey/gettysburg/muskogee/enid/bartlesville/mansfield/wilmington/asheville/watertown/saratoga_springs/ithaca/princeton/portsmouth/great_falls/são_josé/são_josé/columbia/nyssa/natchez/greenville/columbo/bemidji/monroe/marquette/kalamazoo/plymouth/medford/frederico/brunsvique/bangor/morgan_city/monroe/salina/lawrence/kansas/hays/ottumwa/mason_city/dubuque/lafayette/moline/lest_saint_louis/champaign/cairo/pocatello/lewiston/valdosta/west_palm_beach/west_palm_beach/sarasota/pensacola/key_west/fort_myers/fort_myers/daytona_beach/daytona_beach/boulder/california/san_pablo/san_mateo/san_mateo/palo_alto/palo_alto/monterey/eureka/pine_bluff/pine_bluff/skagway/nome/selma/decatur/entebbe/chalkedon/antioquia/abidos/interlaken/dhahran/cusco/monte_carlo/vichy/dunquerque/chartres/chablis/calais/calé/avinhão/saqqara/nag_hammadi/nag_hammadi/aberdare/cantuária/hastings/sunderland/stratford_upon_avon/stratford-upon-avon/stratford-upon-avon/blackpool/somerset/bath/waterloo/yellowknife/agrigento/anzio/belém/nazaré/acre/platéias/plateias/áccio/âccio/cnossos/mariehamn/maçuá/hohenlinden/hamelin/plzen/plzeň/nogales/timgad/reggane/hipona/jalalabad
percurso	passagem_do_noroeste
monumento	monumento_a_washington/monumento_à_washington/estátua_da_liberdade/estátua_da_liberdade/estatua_da_liberdade/pirâmide/lincoln_memorial
locação	latrão
barco	mayflower/hms_bounty
fronteiras	descontinuidade_de_mohorovicic/rubicão
artífice	william_morris/william_morris
vizinhança	times_square/times_square/soho/hell's_kitchen/harlem/coney_island/coney_island/hollywood/rive_droite/montmartre/rive_gauche/wembley/soho/bloomsbury/berlim_ocidental/berlim_ocidental
selva	sherwood/floresta_negra/floresta_negra
parede	muralha_de_adriano/muralha_de_adriano/muro_das_lamentações
presidenta	vigdís_finnbogadóttir/vigdís_finnbogadóttir
negociante	george_stephenson/george_stephenson/leland_stanford
delimitação	linha_de_controle
arraial	rock_springs/laramie/wausau/eau_claire/harpers_ferry/yakima/vancouver/kennewick/bellingham/fredericksburg/rutland/san_angelo/paris/midland/mcallen/mcallen/lufkin/galveston/johnson_city/johnson_city/rapid_city/rapid_city/hershey/gettysburg/muskogee/enid/bartlesville/mansfield/wilmington/asheville/watertown/saratoga_springs/ithaca/princeton/portsmouth/great_falls/são_josé/são_josé/columbia/nyssa/natchez/greenville/columbo/bemidji/monroe/marquette/kalamazoo/plymouth/medford/frederico/brunsvique/bangor/morgan_city/monroe/salina/lawrence/kansas/hays/ottumwa/mason_city/dubuque/lafayette/moline/lest_saint_louis/champaign/cairo/pocatello/lewiston/valdosta/west_palm_beach/west_palm_beach/sarasota/pensacola/key_west/fort_myers/fort_myers/daytona_beach/daytona_beach/boulder/california/san_pablo/san_mateo/san_mateo/palo_alto/palo_alto/monterey/eureka/pine_bluff/pine_bluff/skagway/nome/selma/decatur/entebbe/chalkedon/antioquia/abidos/interlaken/dhahran/cusco/monte_carlo/vichy/dunquerque/chartres/chablis/calais/calé/avinhão/saqqara/nag_hammadi/nag_hammadi/aberdare/cantuária/hastings/sunderland/stratford_upon_avon/stratford-upon-avon/stratford-upon-avon/blackpool/somerset/bath/waterloo/yellowknife/agrigento/anzio/belém/nazaré/acre/platéias/plateias/áccio/âccio/cnossos/mariehamn/maçuá/hohenlinden/hamelin/plzen/plzeň/nogales/timgad/reggane/hipona/jalalabad
planeta	hésperos/vênus/vénus
colina	san_juan_hill/flodden/palatino/sete_colinas_de_roma/peninos/montescheviot/sião/gólgota/calvário/areópago
muro	muralha_de_adriano/muralha_de_adriano/muro_das_lamentações
mandamento	dez_mandamentos/dez_mandamentos
divulgador	serguei_diaguilev/buffalo_bill/buffalo_bill
turista	marco_pólo
tomo	south_pacific/south_pacific
planície	planície_de_nullarbor
ladeira	san_juan_hill/flodden/palatino/sete_colinas_de_roma/peninos/montescheviot/sião/gólgota/calvário/areópago
florestas	sherwood/floresta_negra/floresta_negra
pedaço	south_pacific/south_pacific
viajante	marco_pólo
enfermeiro	margaret_sanger/margaret_sanger/florence_nightingale/florence_nightingale/edith_cavell
porção	south_pacific/south_pacific
relógio	big_ben/big_ben
itinerário	passagem_do_noroeste
enfermeira	margaret_sanger/margaret_sanger/florence_nightingale/florence_nightingale/edith_cavell
chão	america/américa/américas/continente_americano
cercania	rive_droite/montmartre/rive_gauche
poetisa	edward_young/william_butler_yeats/william_butler_yeats/william_wordsworth/william_wordsworth/william_carlos_williams/john_greenleaf_whittier/walt_whitman/walt_whitman/isaac_watts/virgílio/françois_villon/françois_villon/paul_verlaine/paul_verlaine/tristan_tzara/tristan_tzara/dylan_thomas/téspis_de_ática/alfred_tennyson/torquato_tasso/torquato_tasso/arthur_symons/algernon_charles_swinburne/algernon_charles_swinburne/wallace_stevens/wallace_stevens/edmund_spenser/stephen_spender/robert_southey/robert_southey/percy_bysshe_shelley/percy_bysshe_shelley/william_shakespeare/william_shakespeare/anne_sexton/anne_sexton/edmond_rostand/edmond_rostand/arthur_rimbaud/arthur_rimbaud/rainer_maria_rilke/rainer_maria_rilke/jean_racine/jean_racine/alexandre_pushkin/alexandre_pushkin/ezra_pound/alexander_pope/pope/edgar_allan_pöe/sylvia_plath/sylvia_plath/pindaro/píndaro/francesco_petrarca/francesco_petrarca/ovídio/ovidio/omar_khayyām/omar_khayyam/omar_khayyam/omar_khayyám/pablo_neruda/pablo_neruda/alfred_de_musset/alfred_de_musset/william_morris/william_morris/marianne_moore/john_milton/john_milton/john_masefield/marcial/christopher_marlowe/christopher_marlowe/giambattista_marino/osip_mandelstam/stéphane_mallarmé/stéphane_mallarmé/lucrécio/robert_lowell/henry_wadsworth_longfellow/henry_wadsworth_longfellow/friedrich_gottlieb_klopstock/francis_scott_key/francis_scott_key/john_keats/john_keats/erik_axel_karlfeldt/erik_axel_karlfeldt/ben_jonson/ben_jonson/juan_ramón_jiménez/juan_ramón_jiménez/robinson_jeffers/henrik_ibsen/hugo/victor_hugo/victor_hugo/ted_hughes/alfred_edward_housman/alfred_edward_housman/horacio/horácio/gerard_manley_hopkins/gerard_manley_hopkins/homero/hesíodo/hesiodo/thomas_gray/gray/thomas_gray/goethe/johann_wolfgang_von_goethe/johann_wolfgang_von_goethe/allen_ginsberg/allen_ginsberg/gilberto/robert_frost/robert_frost/t._s._eliot/john_dryden/john_dryden/john_donne/john_donne/emily_dickinson/emily_dickinson/dante_alighieri/dante_alighieri/harold_hart_crane/pierre_corneille/pierre_corneille/samuel_taylor_coleridge/samuel_taylor_coleridge/geoffrey_chaucer/geoffrey_chaucer/catulo/giosuè_carducci/giosuè_carducci/calderón_de_la_barca/robert_browning/robert_browning/elizabeth_barrett_browning/rupert_brooke/rupert_brooke/bertolt_brecht/bertolt_brecht/giovanni_boccaccio/giovanni_boccaccio/william_blake/william_blake/charles_baudelaire/charles_baudelaire/w._h._auden/w._h._auden/hans_arp/matthew_arnold/matthew_arnold/guillaume_apollinaire/guillaume_apollinaire
pedagogo	willard/andrew_dickson_white/booker_t._washington/booker_t._washington/anne_sullivan/anne_sullivan/carl_orff/carl_orff/james_naismith/james_naismith/horace_mann/horace_mann/abbott_lawrence_lowell/thomas_hopkins_gallaudet/thomas_hopkins_gallaudet/john_dewey/john_dewey/comenius/dale_carnegie/dale_carnegie/louis_braille/louis_braille
garoto	esaú/esau
borda	linha_de_controle
museus	museu_do_louvre/louvre/basílica_de_santa_sofia/basílica_de_santa_sofia
desportista	babe_didrikson_zaharias/jim_thorpe/jim_thorpe/jesse_owens/jesse_owens/dick_fosbury
artesão	william_morris/william_morris
inimizade	guerra_fria/guerra_fria
beira-mar	eólia/barbária/costa_da_berbéria/costa_barbaresca/costa_berberisca
espirito	diabo/satã/lúcifer/satanás/senhor/deus
bosque	sherwood/floresta_negra/floresta_negra
secção	south_pacific/south_pacific
muralha	muralha_de_adriano/muralha_de_adriano/muro_das_lamentações
itinerários	passagem_do_noroeste
hebraico	jesus_da_galiléia/cristo/jesus/jesus_de_nazaré/jesus_nazareno/jesus_cristo/lot/departamento_de_lot
hebraica	jesus_da_galiléia/cristo/jesus/jesus_de_nazaré/jesus_nazareno/jesus_cristo/lot/departamento_de_lot
espião	mata_hari/mata_hari
escape	underground_railroad/hégira
enfermeiros	margaret_sanger/margaret_sanger/florence_nightingale/florence_nightingale/edith_cavell
divindade	quetzalcóatl/quetzalcoatl/arhat/bodisatvas/bodisatva/bodisatva/morfeu/hipnos/demogorgon
cordilheira	montes_urais/montes_urais/sierra_nevada/sierra_nevada/serra_nevada/serra_nevada/sierra_madre_oriental/sierra_madre_oriental/sierra_madre_ocidental/sierra_madre_ocidental/montanhasrochosas/montanhas_rochosas/montanhas_rochosas/ródope/pireneus/pirenéus/pirinéus/pirineus/pamir/monte_carmelo/kun_lun/kunlun/kun_lun/caracórum/indocuche/hindukush/hindu_kush/himalaia/montanhas_verdes/montanhas_verdes/montanhas_great_smoky/cordilheira_australiana/cordilheira_australiana/montanhas_costeiras/cáucaso/cordilheira_do_cáucaso/cordilheira_do_cáucaso/montanhas_catskill/cordilheira_das_cascatas/cordilheira_das_cascatas/cárpatos/cordilheira_cantábrica/black_hills/alpes_australianos/cordilheira_do_atlas/apalaches/apeninos/cordilheira_dos_andes/andes/montanhas_altai/alpes/montes_allegheny/cordilheira_do_alasca/montanhas_adirondack
condado	sussex/northamptonshire/yorkshire_do_sul/south_yorkshire/west_yorkshire/west_yorkshire/north_yorkshire/north_yorkshire/surrey/northumberland/lincolnshire/leicestershire/west_sussex/west_sussex/east_sussex/east_sussex/somerset/hertfordshire/hampshire/gloucestershire/essex/devon/cumbria/cúmbria/cornualha/berkshire
barranco	san_juan_hill/flodden/palatino/sete_colinas_de_roma/peninos/montescheviot/sião/gólgota/calvário/areópago
poetas	edward_young/william_butler_yeats/william_butler_yeats/william_wordsworth/william_wordsworth/william_carlos_williams/john_greenleaf_whittier/walt_whitman/walt_whitman/isaac_watts/virgílio/françois_villon/françois_villon/paul_verlaine/paul_verlaine/tristan_tzara/tristan_tzara/dylan_thomas/téspis_de_ática/alfred_tennyson/torquato_tasso/torquato_tasso/arthur_symons/algernon_charles_swinburne/algernon_charles_swinburne/wallace_stevens/wallace_stevens/edmund_spenser/stephen_spender/robert_southey/robert_southey/percy_bysshe_shelley/percy_bysshe_shelley/william_shakespeare/william_shakespeare/anne_sexton/anne_sexton/edmond_rostand/edmond_rostand/arthur_rimbaud/arthur_rimbaud/rainer_maria_rilke/rainer_maria_rilke/jean_racine/jean_racine/alexandre_pushkin/alexandre_pushkin/ezra_pound/alexander_pope/pope/edgar_allan_pöe/sylvia_plath/sylvia_plath/pindaro/píndaro/francesco_petrarca/francesco_petrarca/ovídio/ovidio/omar_khayyām/omar_khayyam/omar_khayyam/omar_khayyám/pablo_neruda/pablo_neruda/alfred_de_musset/alfred_de_musset/william_morris/william_morris/marianne_moore/john_milton/john_milton/john_masefield/marcial/christopher_marlowe/christopher_marlowe/giambattista_marino/osip_mandelstam/stéphane_mallarmé/stéphane_mallarmé/lucrécio/robert_lowell/henry_wadsworth_longfellow/henry_wadsworth_longfellow/friedrich_gottlieb_klopstock/francis_scott_key/francis_scott_key/john_keats/john_keats/erik_axel_karlfeldt/erik_axel_karlfeldt/ben_jonson/ben_jonson/juan_ramón_jiménez/juan_ramón_jiménez/robinson_jeffers/henrik_ibsen/hugo/victor_hugo/victor_hugo/ted_hughes/alfred_edward_housman/alfred_edward_housman/horacio/horácio/gerard_manley_hopkins/gerard_manley_hopkins/homero/hesíodo/hesiodo/thomas_gray/gray/thomas_gray/goethe/johann_wolfgang_von_goethe/johann_wolfgang_von_goethe/allen_ginsberg/allen_ginsberg/gilberto/robert_frost/robert_frost/t._s._eliot/john_dryden/john_dryden/john_donne/john_donne/emily_dickinson/emily_dickinson/dante_alighieri/dante_alighieri/harold_hart_crane/pierre_corneille/pierre_corneille/samuel_taylor_coleridge/samuel_taylor_coleridge/geoffrey_chaucer/geoffrey_chaucer/catulo/giosuè_carducci/giosuè_carducci/calderón_de_la_barca/robert_browning/robert_browning/elizabeth_barrett_browning/rupert_brooke/rupert_brooke/bertolt_brecht/bertolt_brecht/giovanni_boccaccio/giovanni_boccaccio/william_blake/william_blake/charles_baudelaire/charles_baudelaire/w._h._auden/w._h._auden/hans_arp/matthew_arnold/matthew_arnold/guillaume_apollinaire/guillaume_apollinaire
nebulosa	nuvens_de_magalhães
monumentos	monumento_a_washington/monumento_à_washington/estátua_da_liberdade/estátua_da_liberdade/estatua_da_liberdade/pirâmide/lincoln_memorial
judia	jesus_da_galiléia/cristo/jesus/jesus_de_nazaré/jesus_nazareno/jesus_cristo/lot/departamento_de_lot
hebreu	jesus_da_galiléia/cristo/jesus/jesus_de_nazaré/jesus_nazareno/jesus_cristo/lot/departamento_de_lot
galáxia	nuvens_de_magalhães
documentos	ayurveda
deusa	quetzalcóatl/quetzalcoatl/arhat/bodisatvas/bodisatva/bodisatva/morfeu/hipnos/demogorgon